job,job_category,job_category_manual,count,detailed review,,interesting
10th 11th grade english teacher,grad student,grad student,1,,,
medical transcriptionist,medical transcriptionist,medical transcriptionist,1,*,misc health,
medicare appeals coordinator,coordinator,coordinator,1,,,
member services counselor,advisor,advisor,1,,,
middle school humanities teacher,teacher,teacher,1,,,
middle school librarian,librarian,librarian,1,,,
midwife,midwife,midwife,1,*,unemployed,
minister,minister,minister,1,*,religious ,
mother 4,mother 4,mother 4,1,*,unemployed,
multiplatform copy editor,multiplatform copy editor,multiplatform copy editor,1,*,editor,
municipal judge,lawyer,lawyer,1,,,
museum docent originally,unemployed,unemployed,1,,,
music director pianist,musician,musician,1,,,
music historian,musician,musician,1,*,specialist ,
music librarian,musician,musician,1,*,librarian,
music minister,musician,musician,1,,,
music producer sound editor,musician,musician,1,,,
musician grad student,musician,musician,1,*,grad student,
musician licensing executive,musician,musician,1,*,manager,
musicologist,musician,musician,1,*,specialist ,
nanny originally,unemployed,unemployed,1,,,
national guard recruiter,national guard recruiter,national guard recruiter,1,*,miscellaneous,
naval architect,architect,architect,1,*,engineer,
network administrator,network administrator,network administrator,1,*,tech developer,
neuroscientist,scientist,scientist,1,,,
news producer originally,unemployed,unemployed,1,,,
newspaper editor reporter,reporter,reporter,1,*,writer ,
nonprofit administrator,nonprofit,nonprofit,1,*,admin,
medical technologist,medical technologist,medical technologist,1,*,misc health,
nonprofit co-founder leader originally,unemployed,unemployed,1,,,
medical lab scientist,scientist,scientist,1,,,
media consultant,consultant,consultant,1,,,
linguist language columnist,linguist language columnist,linguist language columnist,1,*,writer ,
literary agent,literary agent,literary agent,1,*,editor,
literature ph.d. student,grad student,grad student,1,,,
location coordinator,coordinator,coordinator,1,,,
logistics coordinator,coordinator,coordinator,1,,,
m.b.a. candidate originally,unemployed,unemployed,1,,,
m.d. ph.d. student,grad student,grad student,1,,,
m.d.-ph.d. student,grad student,grad student,1,,,
major u.s. marine corps originally,unemployed,unemployed,1,,,
manager,manager,manager,1,,,
manager commercial support content,manager,manager,1,,,
manager corporate foundation relations music school,musician,musician,1,,,
manager scientific writing,manager,manager,1,,,
managing editor,managing editor,managing editor,1,*,editor,
market research analyst originally,unemployed,unemployed,1,,,
market research director,director,director,1,,,
market research intelligence senior coordinator,coordinator,coordinator,1,,,
market researcher,scientist,scientist,1,,,
marketing content manager,manager,manager,1,,,
marketing executive,manager,manager,1,,,
marketing project manager,manager,manager,1,,,
marketing strategist,marketing strategist,marketing strategist,1,*,marketing,
massage therapist,massage therapist,massage therapist,1,*,service industry,
math instructor,teacher,teacher,1,,,
math student,student,student,1,,,
mba student,student,student,1,,,
mechanical design engineer,engineer,engineer,1,,,
media strategist,media strategist,media strategist,1,*,marketing,
nonprofit communications consultant,nonprofit,nonprofit,1,*,consultant,
nonprofit communications professional,nonprofit,nonprofit,1,*,specialist ,
nonprofit consultant,nonprofit,nonprofit,1,*,consultant,
ph. d. student computer science,student,student,1,*,grad student,
ph.d student,grad student,grad student,1,,,
ph.d. candidate adjunct professor,grad student,grad student,1,,,
ph.d. candidate epidemiology,grad student,grad student,1,,,
ph.d. candidate teaching associate,grad student,grad student,1,,,
ph.d. student experimental pathology,grad student,grad student,1,,,
ph.d. student football analyst,grad student,grad student,1,,,
pharmaceutical medical director,director,director,1,,,
pharmaceutical research associate,scientist,scientist,1,,,
phd student,student,student,1,*,grad student,
philanthropic advisor,advisor,advisor,1,,,
physicist,physicist,physicist,1,*,scientist,
physics instructor,teacher,teacher,1,,,
pilot,pilot,pilot,1,*,transportation,
playwright,playwright,playwright,1,*,artist/designer,
podcast host,podcast host,podcast host,1,*,artist/designer,
poet,poet,poet,1,*,artist/designer,
policy research director,director,director,1,,,
political science student originally,unemployed,unemployed,1,,,
pool room owner,pool room owner,pool room owner,1,*,business owner,
pool spa maintenance contractor,pool spa maintenance contractor,pool spa maintenance contractor,1,*,laborer,
portable restroom service technician,technician,technician,1,,,
portfolio manager,manager,manager,1,,,
post-graduate student,grad student,grad student,1,,,
postdoctoral researcher,doctor,doctor,1,,,
power engineer,engineer,engineer,1,,,
pr content manager,manager,manager,1,,,
personal trainer,personal trainer,personal trainer,1,*,teacher,
personal assistant,personal assistant,personal assistant,1,*,assistant,
pathologist,pathologist,pathologist,1,*,specialist ,
pastry chef,chef,chef,1,*,miscellaneous,
nonprofit finance professional,nonprofit,nonprofit,1,*,finance,
nonprofit fundraising operations manager,nonprofit,nonprofit,1,*,manager,
nonprofit manager,nonprofit,nonprofit,1,*,manager,
nonprofit strategist,nonprofit,nonprofit,1,*,specialist ,
nonprofit writer editor,nonprofit,nonprofit,1,*,editor,
novelist teacher,teacher,teacher,1,,,
nuclear power plant inspector,nuclear power plant inspector,nuclear power plant inspector,1,*,miscellaneous,
nurse,nurse,nurse,1,,,
nurse practitioner,nurse,nurse,1,,,
nurse residency program manager originally,unemployed,unemployed,1,,,
ob/gyn,ob/gyn,ob/gyn,1,*,doctor,
ob/gyn doctor,doctor,doctor,1,,,
office associate,office associate,office associate,1,*,miscellaneous,
lighting designer,artist/designer,artist/designer,1,,,
office supply sales assistant,office supply sales assistant,office supply sales assistant,1,*,assistant,
online e.s.l. teacher,teacher,teacher,1,,,
online sales director,director,director,1,,,
opera singer actor,opera singer actor,opera singer actor,1,*,artist/designer,
operations administrator,operations administrator,operations administrator,1,*,admin,
operations engineer,engineer,engineer,1,,,
operations logistics manager,manager,manager,1,,,
operations specialist,specialist,specialist,1,,,
organic farmer,organic farmer,organic farmer,1,*,laborer,
orthodox rabbinical student,student,student,1,,,
owner drug dna testing laboratory,owner drug dna testing laboratory,owner drug dna testing laboratory,1,*,business owner,
packaging engineer,engineer,engineer,1,,,
paint sales assistant manager,manager,manager,1,,,
part-time mechanical engineer full-time mom,artist/designer,artist/designer,1,,,
on-call office administrator,on-call office administrator,on-call office administrator,1,*,admin,
principal,principal,principal,1,,,
license director,director,director,1,,,
library worker,librarian,librarian,1,,,
high school history teacher coach,misc education,misc education,1,*,teacher,
high school language arts teacher,misc education,misc education,1,*,teacher,
high school librarian,misc education,misc education,1,*,librarian,
high school math physics teacher,misc education,misc education,1,*,teacher,
high school math teacher,misc education,misc education,1,*,teacher,
high school math teacher originally,unemployed,unemployed,1,,,
high school physics teacher,misc education,misc education,1,*,teacher,
high school social studies teacher,misc education,misc education,1,*,teacher,
high school world history u.s. government teacher,misc government,misc government,1,*,teacher,
historic preservation administrator,historic preservation administrator,historic preservation administrator,1,*,admin,
historical interpreter,historical interpreter,historical interpreter,1,*,specialist ,
history economics teacher,teacher,teacher,1,,,
history educator,teacher,teacher,1,,,
history instructor,teacher,teacher,1,,,
history podcaster writer,writer,writer,1,,,
history student,student,student,1,,,
home family manager,manager,manager,1,,,
home health aide,misc health,misc health,1,,,
home health caregiver,misc health,misc health,1,,,
homemaker home-schooling mom,mom,mom,1,*,unemployed,
homeschool educator,teacher,teacher,1,,,
homeschool mom,mom,mom,1,*,unemployed,
hospice physician,hospice physician,hospice physician,1,*,doctor,
housekeeper freelance copy editor,housekeeper freelance copy editor,housekeeper freelance copy editor,1,*,editor,
human resources director,director,director,1,,,
human resources manager,manager,manager,1,,,
human rights officer,human rights officer,human rights officer,1,*,misc government,
high school history economics teacher,misc education,misc education,1,*,teacher,
humanities professor,professor,professor,1,,,
high school government social studies teacher,misc government,misc government,1,*,teacher,
high school english teacher coach,misc education,misc education,1,*,teacher,
graduate student social work,grad student,grad student,1,,,
graduate student teacher,grad student,grad student,1,,,
grants development manager,manager,manager,1,,,
grants manager,manager,manager,1,,,
graphic artist,artist/designer,artist/designer,1,,,
graphic design student,student,student,1,,,
graphic designer editor,artist/designer,artist/designer,1,,,
graphic designer illustrator,artist/designer,artist/designer,1,,,
graphic designer teacher,artist/designer,artist/designer,1,,,
grocery clerk,grocery clerk,grocery clerk,1,*,service industry,
h.r. consultant,consultant,consultant,1,,,
handywoman gardener,handywoman gardener,handywoman gardener,1,*,laborer,
hardware store manager,manager,manager,1,,,
head operations venture capital firm,head operations venture capital firm,head operations venture capital firm,1,*,director,
health aide,misc health,misc health,1,,,
health benefits advisor,misc health,misc health,1,,,
health care subject matter expert,misc health,misc health,1,,,
health safety professional,misc health,misc health,1,,,
healthcare consultant,misc health,misc health,1,,,
healthcare consultant originally,unemployed,unemployed,1,,,
high school administrator,misc education,misc education,1,,,
high school ap language teacher,misc education,misc education,1,*,teacher,
high school assistant principal,misc education,misc education,1,,,
high school athletic director,misc education,misc education,1,,,
high school biology teacher,misc education,misc education,1,*,teacher,
high school campus director,misc education,misc education,1,,,
high school english film studies teacher,misc education,misc education,1,*,teacher,
high school esl teacher,misc education,misc education,1,*,teacher,
i.t. applications director,director,director,1,,,
i.t. manager,manager,manager,1,,,
i.t. manager originally,unemployed,unemployed,1,,,
junior project manager,manager,manager,1,,,
junior united states military academy,student,student,1,,,
junior university oklahoma,student,student,1,,,
junior university virginia,student,student,1,,,
yoga teacher fitness instructor,teacher,teacher,1,,,
kitchen manager,manager,manager,1,,,
lab tech,technician,technician,1,,,
lab technician,technician,technician,1,,,
labor relations analyst,analyst,analyst,1,,,
laborer,laborer,laborer,1,,,
latent print examiner originally,unemployed,unemployed,1,,,
latin teacher,teacher,teacher,1,,,
law librarian,librarian,librarian,1,,,
law library resource center director,director,director,1,,,
law school career counselor,advisor,advisor,1,,,
law school professor administrator,professor,professor,1,,,
lawyer legal recruiter,lawyer,lawyer,1,,,
learning architect,architect,architect,1,*,misc education,
learning development consultant originally,unemployed,unemployed,1,,,
legal assistant originally,unemployed,unemployed,1,,,
legal consultant,consultant,consultant,1,,,
legal secretary,legal secretary,legal secretary,1,*,assistant,
library archives assistant,librarian,librarian,1,,,
library circulation clerk,librarian,librarian,1,,,
library media center technician,technician,technician,1,,,
library science graduate student,grad student,grad student,1,,,
library volunteer coordinator,volunteer,volunteer,1,,,
junior high school math teacher,misc education,misc education,1,*,teacher,
junior furman university,student,student,1,,,
journalist documentary producer,journalist,journalist,1,*,writer ,
journalist comic originally,unemployed,unemployed,1,,,
i.t. project manager,manager,manager,1,,,
i.t. security architect,architect,architect,1,,,
i.t. security risk analyst,analyst,analyst,1,,,
i.t. specialist,specialist,specialist,1,,,
i.t. support specialist,specialist,specialist,1,,,
improv actor library worker,librarian,librarian,1,,,
income tax specialist,misc government,misc government,1,,,
independent contractor,independent contractor,independent contractor,1,*,laborer,
independent filmmaker,independent filmmaker,independent filmmaker,1,*,artist/designer,
informal educator,teacher,teacher,1,,,
information coordinator,coordinator,coordinator,1,,,
information manager,manager,manager,1,,,
innovation project manager,manager,manager,1,,,
library youth services associate,librarian,librarian,1,,,
inside sales engineer originally,unemployed,unemployed,1,,,
instructional technology specialist,specialist,specialist,1,,,
intake coordinator,coordinator,coordinator,1,,,
intellectual property attorney,attorney,attorney,1,*,lawyer,
intelligence educator,teacher,teacher,1,,,
intensive english instructor,teacher,teacher,1,,,
interior architectural design student,student,student,1,,,
intern physician,intern physician,intern physician,1,*,doctor,
investigator,investigator,investigator,1,*,miscellaneous,
investment advisor,advisor,advisor,1,,,
irs agent,irs agent,irs agent,1,*,misc government,
jeweler,jeweler,jeweler,1,*,miscellaneous,
jewelry store assistant manager,manager,manager,1,,,
job seeker,job seeker,job seeker,1,*,unemployed,
instructional designer,artist/designer,artist/designer,1,,,
private events manager,manager,manager,1,,,
pro sports executive,manager,manager,1,,,
product demonstrator,product demonstrator,product demonstrator,1,*,marketing,
strategic data analyst,analyst,analyst,1,,,
strategy business development executive,manager,manager,1,,,
strategy card game player writer,writer,writer,1,,,
student cultural engagement coordinator,coordinator,coordinator,1,,,
student emergency room scribe,student,student,1,,,
student originally,unemployed,unemployed,1,,,
student sociology,student,student,1,,,
study-abroad advisor originally,unemployed,unemployed,1,,,
subrights assistant,subrights assistant,subrights assistant,1,*,assistant,
substitute teacher stay-at-home dad,unemployed,unemployed,1,,,
supervisory analyst,analyst,analyst,1,,,
sustainability specialist,specialist,specialist,1,,,
system developer,system developer,system developer,1,*,tech developer,
systems coordinator,coordinator,coordinator,1,,,
table game dealer originally,unemployed,unemployed,1,,,
tax accountant,misc government,misc government,1,,,
tax attorney,misc government,misc government,1,,,
tax professional,misc government,misc government,1,,,
taxonomist,misc government,misc government,1,,,
teacher learning support specialist,specialist,specialist,1,,,
teacher librarian,librarian,librarian,1,,,
teacher originally,unemployed,unemployed,1,,,
teaching artist,artist/designer,artist/designer,1,,,
tech support retiree,tech support retiree,tech support retiree,1,*,unemployed,
technical consultant,consultant,consultant,1,,,
technical project manager,manager,manager,1,,,
technical service manager,manager,manager,1,,,
strategic communications lead,strategic communications lead,strategic communications lead,1,*,director,
technical services associate,technical services associate,technical services associate,1,*,service industry,
strategic communications associate,strategic communications associate,strategic communications associate,1,*,marketing,
store manager,manager,manager,1,,,
senior risk analyst,student,student,1,*,analyst,
senior sales manager,manager,manager,1,,,
senior u.s. military academy west point,student,student,1,,,
senior university chicago,student,student,1,,,
senior university pennsylvania,student,student,1,,,
senior vanderbilt university,student,student,1,,,
senior wright state university,student,student,1,,,
social media producer,social media producer,social media producer,1,*,marketing,
social media specialist,specialist,specialist,1,,,
social media web writer,writer,writer,1,,,
software architect,architect,architect,1,*,tech developer,
software engineer originally,unemployed,unemployed,1,,,
software entrepreneur,entrepreneur,entrepreneur,1,*,business owner,
sophomore macalester college,student,student,1,,,
sophomore mississippi state university,student,student,1,,,
sophomore rochester institute technology,student,student,1,,,
sophomore stanford university,student,student,1,,,
space policy analyst originally,unemployed,unemployed,1,,,
speaker writer,writer,writer,1,,,
special education teacher,teacher,teacher,1,,,
speech-language pathology graduate student,grad student,grad student,1,,,
sports information director,director,director,1,,,
statistician,statistician,statistician,1,*,mathematician ,
stay-at-home dad bartender,unemployed,unemployed,1,,,
stay-at-home mom online adjunct instructor,unemployed,unemployed,1,,,
stay-at-home mom originally,unemployed,unemployed,1,,,
stock analyst,analyst,analyst,1,,,
store planner,store planner,store planner,1,*,miscellaneous,
technical writer editor,writer,writer,1,,,
technical writer manager,manager,manager,1,,,
technical writer stay-at-home dad originally,unemployed,unemployed,1,,,
verbal identity consultant,consultant,consultant,1,,,
veterinary ophthalmologist,veterinary ophthalmologist,veterinary ophthalmologist,1,*,specialist ,
veterinary technician,technician,technician,1,,,
video production specialist,specialist,specialist,1,,,
violin viola teacher,teacher,teacher,1,,,
virologist,virologist,virologist,1,*,scientist,
volunteer storyteller,volunteer,volunteer,1,,,
waste reduction specialist,specialist,specialist,1,,,
water exercise instructor,teacher,teacher,1,,,
web product manager,manager,manager,1,,,
web production manager,manager,manager,1,,,
wedding videographer stay-at-home dad,unemployed,unemployed,1,,,
wildlife technician,technician,technician,1,,,
wine club concierge,wine club concierge,wine club concierge,1,*,service industry,
wine salesman,wine salesman,wine salesman,1,*,salesman,
wine spirits distributor,wine spirits distributor,wine spirits distributor,1,*,distributor,
women's health nurse practitioner,misc health,misc health,1,,,
worker e-learning company,worker e-learning company,worker e-learning company,1,*,misc education,
writer director,director,director,1,,,
writer mom,mom,mom,1,*,writer ,
writer musician,musician,musician,1,,,
writer producer,writer,writer,1,,,
writer retail clerk,writer,writer,1,,,
writer retail sales associate,writer,writer,1,,,
writer stay-at-home mom,unemployed,unemployed,1,,,
writer/editor,writer,writer,1,,,
yarn purveyor,yarn purveyor,yarn purveyor,1,*,miscellaneous,*
vegan cheesemaker,vegan cheesemaker,vegan cheesemaker,1,*,miscellaneous,*
valuation analyst,analyst,analyst,1,,,
user interface designer,artist/designer,artist/designer,1,,,
user experience designer,artist/designer,artist/designer,1,,,
technology director,director,director,1,,,
technology strategist,technology strategist,technology strategist,1,*,tech developer,
telecommunications technician,technician,technician,1,,,
telemetry technician,technician,technician,1,,,
tequila tour manager,manager,manager,1,,,
test prep instructor,teacher,teacher,1,,,
test reader evaluator,test reader evaluator,test reader evaluator,1,*,miscellaneous,
theater artist,artist/designer,artist/designer,1,,,
theater artist originally,unemployed,unemployed,1,,,
theater director,director,director,1,,,
theater technician,technician,technician,1,,,
theoretical physicist,theoretical physicist,theoretical physicist,1,*,scientist,
therapeutic humorist,therapeutic humorist,therapeutic humorist,1,*,miscellaneous,
senior research engineer,student,student,1,,,
think tank researcher,scientist,scientist,1,,,
traffic engineer,engineer,engineer,1,,,
transportation planner,transportation planner,transportation planner,1,*,transportation,
travel adviser,travel adviser,travel adviser,1,*,specialist ,
trivia writer,writer,writer,1,,,
trust officer,trust officer,trust officer,1,*,officer,
tutor musician,musician,musician,1,*,teacher,
tutor recreation facilitator,tutor recreation facilitator,tutor recreation facilitator,1,*,teacher,
u.s. air force logistics readiness officer,military officer,military officer,1,,,
u.s. air force munitions officer originally,unemployed,unemployed,1,,,
university communications director,director,director,1,,,
university instructor,teacher,teacher,1,,,
university librarian,librarian,librarian,1,,,
university registrar,university registrar,university registrar,1,*,misc education,
tour guide,tour guide,tour guide,1,*,service industry,
senior manager call center operations,manager,manager,1,,,
senior louisiana state university,student,student,1,,,
senior lehigh university,student,student,1,,,
quilt teacher retired legal secretary,unemployed,unemployed,1,,,
quiz host writer,writer,writer,1,,,
rabbi,rabbi,rabbi,1,*,religious ,
radiologist,radiologist,radiologist,1,*,doctor,
ranch hand,ranch hand,ranch hand,1,*,laborer,
real estate attorney,attorney,attorney,1,*,lawyer,
real estate marketer,real estate marketer,real estate marketer,1,*,marketing,
realtor,realtor,realtor,1,*,salesman,
realtor stay-at-home mom,unemployed,unemployed,1,,,
recent college graduate,grad student,grad student,1,,,
recent law school graduate,grad student,grad student,1,,,
recruiter originally,unemployed,unemployed,1,,,
reference librarian,librarian,librarian,1,,,
regional human resources manager,manager,manager,1,,,
regulatory research counsel,scientist,scientist,1,,,
relationship manager,manager,manager,1,,,
relationship marketing specialist stay-at-home mom,unemployed,unemployed,1,,,
renewable energy manager,manager,manager,1,,,
rental coordinator,coordinator,coordinator,1,,,
resale store manager,manager,manager,1,,,
research analyst,scientist,scientist,1,,,
research assistant student originally,unemployed,unemployed,1,,,
research chemist originally,unemployed,unemployed,1,,,
research consultant,scientist,scientist,1,,,
research lab manager originally,unemployed,unemployed,1,,,
research manager,manager,manager,1,,,
research microbiologist,scientist,scientist,1,,,
quality improvement specialist originally,unemployed,unemployed,1,,,
quality control specialist,specialist,specialist,1,,,
quality assurance coordinator,coordinator,coordinator,1,,,
quality assurance auditor,quality assurance auditor,quality assurance auditor,1,*,miscellaneous,
production company associate originally,unemployed,unemployed,1,,,
production coordinator,coordinator,coordinator,1,,,
production manager,manager,manager,1,,,
professor art history,artist/designer,artist/designer,1,,,
professor management,professor,professor,1,,,
program analyst,analyst,analyst,1,,,
program manager,manager,manager,1,,,
programmer,programmer,programmer,1,*,tech developer,
proofreader virtual assistant,proofreader virtual assistant,proofreader virtual assistant,1,*,assistant,
proposal manager,manager,manager,1,,,
proposal writer,writer,writer,1,,,
prosecutor,prosecutor,prosecutor,1,*,lawyer,
psychiatrist,psychiatrist,psychiatrist,1,*,doctor,
residential manager,manager,manager,1,,,
psychometrician,psychometrician,psychometrician,1,*,doctor,
public accountant,public accountant,public accountant,1,*,accountant ,
public affairs manager,manager,manager,1,,,
public education consultant,consultant,consultant,1,,,
public health doctor,misc health,misc health,1,,,
public health graduate student,misc health,misc health,1,,,
public interest attorney,attorney,attorney,1,*,lawyer,
public interest attorney originally,unemployed,unemployed,1,,,
public librarian,librarian,librarian,1,,,
public transportation consultant,consultant,consultant,1,,,
publisher,publisher,publisher,1,*,editor,
purchasing clerk,purchasing clerk,purchasing clerk,1,*,miscellaneous,
quality analyst,analyst,analyst,1,,,
quality assurance analyst,analyst,analyst,1,,,
psychotherapist,psychotherapist,psychotherapist,1,*,doctor,
graduate student physics,grad student,grad student,1,,,
restaurant manager,manager,manager,1,,,
retail assistant manager originally,unemployed,unemployed,1,,,
retired technical trainer,unemployed,unemployed,1,,,
retired u.s. navy captain astronaut,unemployed,unemployed,1,,,
risk analytics manager,manager,manager,1,,,
risk manager,manager,manager,1,,,
rock musician,musician,musician,1,,,
sales analyst,analyst,analyst,1,,,
sales associate,sales associate,sales associate,1,*,salesman,
sales coordinator,coordinator,coordinator,1,,,
sales manager,manager,manager,1,,,
sales representative,sales representative,sales representative,1,*,salesman,
sales support specialist,specialist,specialist,1,,,
salesman,salesman,salesman,1,,,
scholarship program director,director,director,1,,,
school administrator,school administrator,school administrator,1,*,admin,
school media specialist,specialist,specialist,1,,,
school secretary,school secretary,school secretary,1,*,misc education,
school service assistant,school service assistant,school service assistant,1,*,misc education,
science writer,writer,writer,1,,,
scientist,scientist,scientist,1,,,
scrummaster,scrummaster,scrummaster,1,*,miscellaneous,
semi-retired educator,unemployed,unemployed,1,,,
senior ball state university,student,student,1,,,
senior business systems analyst,student,student,1,,,
senior computer science researcher,student,student,1,,,
senior data engineer,student,student,1,,,
senior duke university,student,student,1,,,
senior lawrence university,student,student,1,,,
retired technical editor,unemployed,unemployed,1,,,
retired software engineer,unemployed,unemployed,1,,,
retired registered nurse,unemployed,unemployed,1,,,
retired railroad analyst,unemployed,unemployed,1,,,
retail sales associate,retail sales associate,retail sales associate,1,*,salesman,
retired accounting instructor,unemployed,unemployed,1,,,
retired actor,unemployed,unemployed,1,,,
retired actuary,unemployed,unemployed,1,,,
retired air traffic controller,unemployed,unemployed,1,,,
retired army master sergeant,unemployed,unemployed,1,,,
retired attorney,unemployed,unemployed,1,,,
retired business property manager,unemployed,unemployed,1,,,
retired chemistry teacher,unemployed,unemployed,1,,,
retired civil servant,unemployed,unemployed,1,,,
retired computer consultant,unemployed,unemployed,1,,,
retired consultant,unemployed,unemployed,1,,,
retired database administrator,unemployed,unemployed,1,,,
restaurant owner,restaurant owner,restaurant owner,1,*,owner,
retired educator,unemployed,unemployed,1,,,
retired high school teacher,unemployed,unemployed,1,,,
retired insurance broker,unemployed,unemployed,1,,,
retired lawyer software developer,unemployed,unemployed,1,,,
retired library assistant,unemployed,unemployed,1,,,
retired management consultant,unemployed,unemployed,1,,,
retired mental health professional,unemployed,unemployed,1,,,
retired middle school teacher,unemployed,unemployed,1,,,
retired navy medical specialist,unemployed,unemployed,1,,,
retired ob/gyn physician,unemployed,unemployed,1,,,
retired operations manager,unemployed,unemployed,1,,,
retired pathologist,unemployed,unemployed,1,,,
retired physician,unemployed,unemployed,1,,,
retired professor,unemployed,unemployed,1,,,
retired federal employee,unemployed,unemployed,1,,,
graduate student medieval history,grad student,grad student,1,,,
k-12 school administrator,k-12 school administrator,k-12 school administrator,1,*,admin,
botanical artist,artist/designer,artist/designer,1,,,
editor monthly newspaper,reporter,reporter,1,*,writer ,
communications executive,manager,manager,1,,,
editor originally,unemployed,unemployed,1,,,
commercial real estate broker,commercial real estate broker,commercial real estate broker,1,*,salesman,
editor stay-at-home parent,unemployed,unemployed,1,,,
commercial property manager,manager,manager,1,,,
commercial photographer,commercial photographer,commercial photographer,1,*,artist/designer,
antiques dealer,antiques dealer,antiques dealer,1,*,salesman,
editorial project manager,manager,manager,1,,,
anesthesiologist,anesthesiologist,anesthesiologist,1,*,doctor,
education consultant,consultant,consultant,1,,,
commercial insurance broker,commercial insurance broker,commercial insurance broker,1,*,finance,
educational researcher,scientist,scientist,1,,,
educational therapist,educational therapist,educational therapist,1,*,misc health,
eighth grade history teacher,grad student,grad student,1,,,
comedy writer originally,unemployed,unemployed,1,,,
comedy writer,writer,writer,1,,,
editor graduate student public health,misc health,misc health,1,,,
analytics director,director,director,1,,,
communications marketing manager,manager,manager,1,,,
appellate attorney,attorney,attorney,1,*,lawyer,
compliance technician,technician,technician,1,,,
compliance manager,manager,manager,1,,,
compliance executive,manager,manager,1,,,
draft equipment salesman,draft equipment salesman,draft equipment salesman,1,*,salesman,
author educator,author,author,1,*,writer ,
e-commerce blogger,e-commerce blogger,e-commerce blogger,1,*,writer ,
community organizer,community organizer,community organizer,1,*,director,
auto repair shop service manager,manager,manager,1,,,
community college professor,professor,professor,1,,,
archaeologist foundation executive director,director,director,1,,,
aquatic veterinarian,aquatic veterinarian,aquatic veterinarian,1,*,doctor,
early childhood educator,teacher,teacher,1,,,
economic development professional,economic development professional,economic development professional,1,*,specialist ,
community college english professor,professor,professor,1,,,
awards program manager,manager,manager,1,,,
communications specialist,specialist,specialist,1,,,
baker,baker,baker,1,*,miscellaneous,
baker barista,baker barista,baker barista,1,*,miscellaneous,
audio engineer,engineer,engineer,1,,,
analytics consultant,consultant,consultant,1,,,
color scientist,scientist,scientist,1,,,
affordable housing development analyst,analyst,analyst,1,,,
banker financial analyst,analyst,analyst,1,,,
aerospace consultant,consultant,consultant,1,,,
english instructor,teacher,teacher,1,,,
english instructor administrator,teacher,teacher,1,,,
college history teacher,teacher,teacher,1,,,
college geography instructor,teacher,teacher,1,,,
college counselor,advisor,advisor,1,,,
advertising executive originally,unemployed,unemployed,1,,,
advertiser account representative,advertiser account representative,advertiser account representative,1,*,miscellaneous,
adventure travel writer,writer,writer,1,,,
english second language instructor originally,unemployed,unemployed,1,,,
adventure specialist,specialist,specialist,1,,,
administrator female-centric website,administrator female-centric website,administrator female-centric website,1,*,admin,
english teacher originally,unemployed,unemployed,1,,,
college admissions counselor,advisor,advisor,1,,,
entertainment editor,entertainment editor,entertainment editor,1,*,editor,
college journalism teacher,teacher,teacher,1,,,
analytical chemist,analytical chemist,analytical chemist,1,*,scientist,
college professor writer,writer,writer,1,,,
air traffic controller,air traffic controller,air traffic controller,1,*,transportation,
elections administrator,elections administrator,elections administrator,1,*,admin,
americorps recruiter,americorps recruiter,americorps recruiter,1,*,miscellaneous,
alcohol lawyer,lawyer,lawyer,1,,,
elementary school administrator,elementary school administrator,elementary school administrator,1,*,admin,
elementary school counselor,advisor,advisor,1,*,teacher,
college teacher,teacher,teacher,1,,,
elementary school math teacher,teacher,teacher,1,,,
college student,student,student,1,,,
emergency physician,emergency physician,emergency physician,1,*,doctor,
emergency room nurse,nurse,nurse,1,*,healthcare,
employee benefits attorney,attorney,attorney,1,*,lawyer,
employee benefits consultant,consultant,consultant,1,,,
college program administrator,college program administrator,college program administrator,1,*,admin,
energy trader,energy trader,energy trader,1,*,finance,
airline operations specialist,specialist,specialist,1,,,
engineer off-grid homesteader,engineer,engineer,1,,,
engineer originally,unemployed,unemployed,1,,,
engineering graduate student,grad student,grad student,1,,,
administrator,administrator,administrator,1,*,admin,
architectural conservator,architect,architect,1,*,engineer,
architectural design associate,architect,architect,1,*,engineer,
aspiring writer poet,writer,writer,1,,,
customer due-diligence specialist originally,unemployed,unemployed,1,,,
customer experience advisor,advisor,advisor,1,*,teacher,
customer service representaive,customer service representaive,customer service representaive,1,*,service industry,
corporate controller,corporate controller,corporate controller,1,*,finance,
aspiring teacher,teacher,teacher,1,,,
cybersecurity research director,director,director,1,,,
dancer,dancer,dancer,1,*,artist/designer,
data analytics manager,manager,manager,1,,,
data engineer,engineer,engineer,1,,,
data repair technician,technician,technician,1,,,
controls engineer,engineer,engineer,1,,,
data specialist,specialist,specialist,1,,,
associate professor computer science,professor,professor,1,,,
database administrator,database administrator,database administrator,1,*,tech developer,
database coordinator,coordinator,coordinator,1,,,
controller,controller,controller,1,*,miscellaneous,
curriculum development program manager,manager,manager,1,,,
associate professor political science,professor,professor,1,,,
curriculum designer originally,unemployed,unemployed,1,,,
corporate finance manager,manager,manager,1,,,
country western dance instructor,teacher,teacher,1,,,
correctional librarian,librarian,librarian,1,,,
courier,courier,courier,1,*,miscellaneous,
corporate tax attorney,misc government,misc government,1,,,
assistant office manager,manager,manager,1,,,
course logistics specialist,specialist,specialist,1,,,
corporate tax analyst,misc government,misc government,1,,,
assistant editor,assistant editor,assistant editor,1,*,editor,
corporate strategy manager,manager,manager,1,,,
crafter,crafter,crafter,1,*,artist/designer,
corporate strategist originally,unemployed,unemployed,1,,,
corporate intelligence analyst,analyst,analyst,1,,,
assistant analyst,analyst,analyst,1,,,
criminal defense lawyer,lawyer,lawyer,1,,,
assistant secretary colorado senate,assistant secretary colorado senate,assistant secretary colorado senate,1,*,misc government,
criminal immigration defense lawyer,lawyer,lawyer,1,,,
curator,curator,curator,1,*,artist/designer,
associate director annual giving,director,director,1,,,
doctoral candidate anthropology,doctor,doctor,1,,,
daylight engineer stay-at-home dad,unemployed,unemployed,1,,,
defense consultant navy reserve officer,military officer,military officer,1,,,
art director,artist/designer,artist/designer,1,,,
director analytics,director,director,1,,,
director business development,director,director,1,,,
director college research center,director,director,1,,,
director communications,director,director,1,,,
art dealer,artist/designer,artist/designer,1,,,
director compensation,director,director,1,,,
army public affairs chief originally,unemployed,unemployed,1,,,
director compliance investigations,director,director,1,,,
director contemporary arts center,artist/designer,artist/designer,1,,,
director religious education,director,director,1,,,
consulting electrical engineer,engineer,engineer,1,,,
brand manager,manager,manager,1,,,
attorney municipal judge,lawyer,lawyer,1,,,
distribution associate,distribution associate,distribution associate,1,*,miscellaneous,
composition lecturer,teacher,teacher,1,,,
dj music journalist,musician,musician,1,,,
art historian college professor,artist/designer,artist/designer,1,,,
associate teaching professor,professor,professor,1,,,
digital media specialist,specialist,specialist,1,,,
consumer insights manager,manager,manager,1,,,
delivery driver part-time actor,artist/designer,artist/designer,1,,,
asl interpreter,asl interpreter,asl interpreter,1,*,service industry,
astronomer,astronomer,astronomer,1,*,scientist,
developer consultant,consultant,consultant,1,,,
astrophysicist,astrophysicist,astrophysicist,1,*,scientist,
contract attorney stay-at-home mom,unemployed,unemployed,1,,,
arts marketer,artist/designer,artist/designer,1,,,
development assistant data analyst,analyst,analyst,1,,,
development officer,development officer,development officer,1,*,officer,
arts editor reporter,reporter,reporter,1,*,writer ,
dialect coach,dialect coach,dialect coach,1,*,teacher,
contract analyst,analyst,analyst,1,,,
content manager,manager,manager,1,,,
content editor,content editor,content editor,1,*,editor,
artist business consultant,artist/designer,artist/designer,1,,,
digital fashion editor,digital fashion editor,digital fashion editor,1,*,editor,
digital marketer,digital marketer,digital marketer,1,*,marketing,
digital marketer originally,unemployed,unemployed,1,,,
entertainment litigation attorney,attorney,attorney,1,*,lawyer,
engineering ph.d. student,grad student,grad student,1,,,
baseball writer originally,unemployed,unemployed,1,,,
freelancer,freelancer,freelancer,1,*,miscellaneous,
certified opthalmic assistant,certified opthalmic assistant,certified opthalmic assistant,1,*,assistant,
biomedical scientist,scientist,scientist,1,,,
certified massage therapist,certified massage therapist,certified massage therapist,1,*,service industry,
cellar hand,cellar hand,cellar hand,1,*,miscellaneous,
academic advisor,advisor,advisor,1,,,
abuse prevention educator,teacher,teacher,1,,,
academic competition director,director,director,1,,,
catastrophe modeler,catastrophe modeler,catastrophe modeler,1,*,scientist,
freshman northwestern university,student,student,1,,,
career counselor,advisor,advisor,1,,,
freshman san francisco state university,student,student,1,,,
8th grade science teacher,grad student,grad student,1,,,
8th grade language arts teacher,artist/designer,artist/designer,1,,,
business technology integration consultant,consultant,consultant,1,,,
fund raising professional consultant,consultant,consultant,1,,,
cashier,cashier,cashier,1,*,laborer,
fundraising data analyst,analyst,analyst,1,,,
freelance writer researcher,scientist,scientist,1,,,
academic director,director,director,1,,,
food truck owner,food truck owner,food truck owner,1,*,owner,
football coach tutor,football coach tutor,football coach tutor,1,*,teacher,
chemistry tutor,chemistry tutor,chemistry tutor,1,*,teacher,
accounting manager,manager,manager,1,,,
billing coordinator,coordinator,coordinator,1,,,
accountant mom,mom,mom,1,*,unemployed,
chemical engineer consulting renewable energy,engineer,engineer,1,,,
freelance political consultant,consultant,consultant,1,,,
chef originally,unemployed,unemployed,1,,,
entertainment news editor,entertainment news editor,entertainment news editor,1,*,editor,
account executive originally,unemployed,unemployed,1,,,
biology student,student,student,1,,,
biomedical engineer,engineer,engineer,1,,,
account executive,manager,manager,1,,,
freelance editor,freelance editor,freelance editor,1,*,editor,
academic librarian,librarian,librarian,1,,,
account manager,manager,manager,1,,,
chief financial officer,chief financial officer,chief financial officer,1,*,director,
7th 8th grade social studies teacher,grad student,grad student,1,,,
business technology consultant,consultant,consultant,1,,,
government secretary,misc government,misc government,1,,,
grad student navy reserve officer,military officer,military officer,1,,,
business developer originally,unemployed,unemployed,1,,,
12th grade english language arts teacher,artist/designer,artist/designer,1,,,
business developer,business developer,business developer,1,,,
graduate student chemical engineering,grad student,grad student,1,,,
graduate student clinical psychology,grad student,grad student,1,,,
government relations professional,misc government,misc government,1,,,
11th grade u.s. history teacher keller,grad student,grad student,1,,,
graduate student health data specialist,misc health,misc health,1,,,
10th grade english teacher,grad student,grad student,1,,,
bookkeeper,bookkeeper,bookkeeper,1,*,librarian,
graduate student instructor,grad student,grad student,1,,,
budget analyst,analyst,analyst,1,,,
graduate student instructor originally,unemployed,unemployed,1,,,
broadcast journalist,journalist,journalist,1,,,
business consultant,consultant,consultant,1,,,
fundraising manager,manager,manager,1,,,
government law librarian,misc government,misc government,1,,,
government attorney,misc government,misc government,1,,,
6th-12th grade choir teacher,grad student,grad student,1,,,
furniture store manager,manager,manager,1,,,
future law student,student,student,1,,,
business systems analyst,analyst,analyst,1,,,
business strategist,business strategist,business strategist,1,*,analyst,
games editor,games editor,games editor,1,*,editor,
garden designer,artist/designer,artist/designer,1,,,
business development manager,manager,manager,1,,,
gas turbine repair operations manager,manager,manager,1,,,
4th grade language arts teacher,artist/designer,artist/designer,1,,,
geophysicist,geophysicist,geophysicist,1,*,scientist,
1st grade teacher,grad student,grad student,1,,,
business manager originally,unemployed,unemployed,1,,,
glazier,glazier,glazier,1,*,miscellaneous,
business development manager originally,unemployed,unemployed,1,,,
global talent management associate originally,unemployed,unemployed,1,,,
6th grade teacher,grad student,grad student,1,,,
fitness instructor,teacher,teacher,1,,,
chef educator,chef,chef,1,,,
benefits analyst,analyst,analyst,1,,,
executive director educational foundation,director,director,1,,,
client services director,director,director,1,,,
family medical physician,family medical physician,family medical physician,1,*,doctor,
client service specialist,specialist,specialist,1,,,
claims examiner,claims examiner,claims examiner,1,*,miscellaneous,
family physician,family physician,family physician,1,*,doctor,
family practice physician,family practice physician,family practice physician,1,*,doctor,
claims adjudicator,claims adjudicator,claims adjudicator,1,*,miscellaneous,
actor producer,actor producer,actor producer,1,*,artist/designer,
civil servant,civil servant,civil servant,1,*,misc government,
fertilizer market manager,manager,manager,1,,,
fiber artist,artist/designer,artist/designer,1,,,
civil engineer,engineer,engineer,1,,,
film data coordinator,coordinator,coordinator,1,,,
film publicist,film publicist,film publicist,1,*,marketing,
film student originally,unemployed,unemployed,1,,,
children's book review editor,children's book review editor,children's book review editor,1,*,editor,
executive director,director,director,1,,,
filmmaker writer originally,unemployed,unemployed,1,,,
actuarial consultant,consultant,consultant,1,,,
clinical psychologist,clinical psychologist,clinical psychologist,1,*,doctor,
college administrator,college administrator,college administrator,1,*,admin,
environmental educator originally,unemployed,unemployed,1,,,
administrative professional,administrative professional,administrative professional,1,*,admin,
environmental engineer consultant,engineer,engineer,1,,,
environmental lawyer,lawyer,lawyer,1,,,
cocktail bartender,artist/designer,artist/designer,1,,,
environmental scientist,scientist,scientist,1,,,
adjunct professor history american studies,professor,professor,1,,,
ergonomist,ergonomist,ergonomist,1,*,scientist,
adjunct professor,professor,professor,1,,,
closed captioner originally,unemployed,unemployed,1,,,
acupuncturist,acupuncturist,acupuncturist,1,*,service industry,
actuary originally,unemployed,unemployed,1,,,
evolutionary anthropologist,evolutionary anthropologist,evolutionary anthropologist,1,*,scientist,
clinical social worker,clinical social worker,clinical social worker,1,*,government ,
clinical research coordinator originally,unemployed,unemployed,1,,,
executive administrator,manager,manager,1,,,
actuarial recruiter,actuarial recruiter,actuarial recruiter,1,*,miscellaneous,
finance analyst,analyst,analyst,1,,,
fashion buyer,fashion buyer,fashion buyer,1,*,salesperson,
assistant principal high school blind,misc education,misc education,1,,,
financial trader,financial trader,financial trader,1,*,finance,
children's book author originally,unemployed,unemployed,1,,,
accounting professor,professor,professor,1,,,
finance system manager,manager,manager,1,,,
financial analyst originally,unemployed,unemployed,1,,,
chief operations,chief operations,chief operations,1,*,manager,
financial services executive,manager,manager,1,,,
financial risk consultant,consultant,consultant,1,,,
firefighter,firefighter,firefighter,1,*,emergency services,
financial services officer,financial services officer,financial services officer,1,*,finance,
financial software consultant,consultant,consultant,1,,,
fishmonger,fishmonger,fishmonger,1,*,laborer,
seventh grader,grad student,grad student,2,,,
purchasing manager,manager,manager,2,,,
senior dartmouth college,artist/designer,artist/designer,2,,,
ph.d. student architectural history,grad student,grad student,2,,,
author administrative assistant,author,author,2,*,writer ,
community volunteer,volunteer,volunteer,2,,,
product marketing manager,manager,manager,2,,,
social studies teacher,teacher,teacher,2,,,
resident physician,resident physician,resident physician,2,*,doctor,
shovel bum,shovel bum,shovel bum,2,*,laborer,
board game designer,artist/designer,artist/designer,2,,,
senior columbia university,student,student,2,,,
researcher,scientist,scientist,2,,,
performance manager,manager,manager,2,,,
collaboration solution specialist,specialist,specialist,2,,,
communications professional,communications professional,communications professional,2,*,specialist ,
retired postal clerk,unemployed,unemployed,2,,,
professor public health bioethics,misc health,misc health,2,,,
professor political science,professor,professor,2,,,
bond analyst,analyst,analyst,2,,,
retiree,retiree,retiree,2,,,
social security administration attorney,attorney,attorney,2,*,lawyer,
college composition instructor,teacher,teacher,2,,,
radio copywriter voiceover announcer,writer,writer,2,,,
chemist,chemist,chemist,2,*,scientist,
coast guard helicopter mechanic originally,unemployed,unemployed,2,,,
real estate agent,real estate agent,real estate agent,2,*,salesperson,
ph.d. candidate microbiology originally,unemployed,unemployed,2,,,
coalition director originally,unemployed,unemployed,2,,,
ph.d. student physics originally,unemployed,unemployed,2,,,
college instructor,teacher,teacher,2,,,
compliance engineer originally,unemployed,unemployed,2,,,
consulting engineer,engineer,engineer,2,,,
communications manager boxing writer,manager,manager,2,,,
research associate,scientist,scientist,2,,,
content developer,content developer,content developer,2,*,artist/designer,
retired college professor,unemployed,unemployed,2,,,
cashier writer,writer,writer,2,,,
children's book managing editor,children's book managing editor,children's book managing editor,2,*,editor,
police captain,police captain,police captain,2,*,emergency services,
bioscience ph.d. program applicant,grad student,grad student,2,,,
consultant rideshare driver,consultant,consultant,2,,,
retailer,retailer,retailer,2,*,salesperson,
policy analyst originally,unemployed,unemployed,2,,,
scientific editor,scientific editor,scientific editor,2,*,editor,
behavior analyst,analyst,analyst,2,,,
childrenâ€™s librarian,librarian,librarian,2,,,
children's librarian,librarian,librarian,2,,,
senior northeastern university,student,student,2,,,
character trainer originally,unemployed,unemployed,2,,,
political science professor,professor,professor,2,,,
copy editor,copy editor,copy editor,2,*,editor,
graduate student law social work,grad student,grad student,2,,,
program analyst originally,unemployed,unemployed,2,,,
senior georgetown university,student,student,2,,,
biomedical science teacher,teacher,teacher,2,,,
blogger,blogger,blogger,2,*,writer ,
restaurant manager originally,unemployed,unemployed,2,,,
pharmacy student,student,student,2,,,
scoring director,director,director,2,,,
school librarian,librarian,librarian,2,,,
captioner,captioner,captioner,2,*,miscellaneous,
communications director,director,director,2,,,
retired engineer,unemployed,unemployed,2,,,
comptroller,comptroller,comptroller,2,*,government ,
retail store owner,retail store owner,retail store owner,2,*,owner,
retired cpa,unemployed,unemployed,2,,,
rehabilitation specialist,specialist,specialist,2,,,
retired convenience store manager,unemployed,unemployed,2,,,
senior managing editor,student,student,2,,,
beer wholesaler,beer wholesaler,beer wholesaler,2,*,salesperson,
public radio reporter,reporter,reporter,2,*,writer ,
graduate student library science,grad student,grad student,2,,,
software q.a. lead,software q.a. lead,software q.a. lead,2,*,tech developer,
trademark attorney,attorney,attorney,2,*,lawyer,
training system manager,manager,manager,2,,,
family assessment writer,writer,writer,2,,,
investment professional,investment professional,investment professional,2,*,finance,
investment banking analyst,analyst,analyst,2,,,
investment banker strategy consultant,consultant,consultant,2,,,
travel agent,travel agent,travel agent,2,*,service industry,
travel media editor,travel media editor,travel media editor,2,*,editor,
junior caltech,student,student,2,,,
internal medicine physician originally,unemployed,unemployed,2,,,
actor grants analyst,analyst,analyst,2,,,
instructional designer curriculum developer,artist/designer,artist/designer,2,,,
tv news producer originally,unemployed,unemployed,2,,,
filmmaker author,author,author,2,*,writer ,
finance manager,manager,manager,2,,,
accounting service representative,accounting service representative,accounting service representative,2,*,assistant,
financial planner,financial planner,financial planner,2,*,finance,
immigration attorney,attorney,attorney,2,*,lawyer,
internal customer service manager,manager,manager,2,,,
i.t. consultant,consultant,consultant,2,,,
adjunct physics instructor stay-at-home mom,unemployed,unemployed,2,,,
epidemiologist,epidemiologist,epidemiologist,2,*,scientist,
airline pilot,airline pilot,airline pilot,2,*,transportation,
elementary school special education teacher,teacher,teacher,2,,,
energy engineer,engineer,engineer,2,,,
assistant professor psychology,professor,professor,2,,,
technical services librarian,librarian,librarian,2,,,
technical support analyst,analyst,analyst,2,,,
technical writer actress,writer,writer,2,,,
aerospace engineer,engineer,engineer,2,,,
equity analyst,analyst,analyst,2,,,
technology consultant,consultant,consultant,2,,,
layout artist,artist/designer,artist/designer,2,,,
law school graduate,grad student,grad student,2,,,
law library director law professor,director,director,2,,,
landscaper,landscaper,landscaper,2,*,laborer,
environmental compliance manager,manager,manager,2,,,
kindergarten teacher,artist/designer,artist/designer,2,,,
k-12 technology teacher,teacher,teacher,2,,,
k-12 gifted talented teacher,teacher,teacher,2,,,
leadership trainer,leadership trainer,leadership trainer,2,*,teacher,
major account manager originally,unemployed,unemployed,2,,,
foreign service officer,foreign service officer,foreign service officer,2,*,government ,
forensic scientist,scientist,scientist,2,,,
high school english french teacher,misc education,misc education,2,,,
high school choir teacher,misc education,misc education,2,,,
6th grade u.s. history language arts teacher,artist/designer,artist/designer,2,,,
high school art teacher,misc education,misc education,2,,,
healthcare data analyst,misc health,misc health,2,,,
health care consultant,misc health,misc health,2,,,
global health consultant,misc health,misc health,2,,,
government contractor,misc government,misc government,2,,,
8th 12th grade math teacher,grad student,grad student,2,,,
growth marketer,growth marketer,growth marketer,2,*,marketing,
writer editor honda campus all-star challenge,writer,writer,2,,,
11th grade english creative writing teacher,grad student,grad student,2,,,
writer-actor,writer,writer,2,,,
graduate student public affairs,grad student,grad student,2,,,
graduate student poetry,grad student,grad student,2,,,
graduate student philosophy,grad student,grad student,2,,,
10th grade chemistry teacher,grad student,grad student,2,,,
yoga instructor,teacher,teacher,2,,,
graduate assistant,grad student,grad student,2,,,
hr manager,manager,manager,2,,,
high school history psychology teacher,misc education,misc education,2,*,teacher ,
freshman north carolina state university,student,student,2,,,
university honors program manager,manager,manager,2,,,
university lecturer,teacher,teacher,2,,,
hospital pediatrician,hospital pediatrician,hospital pediatrician,2,*,doctor,
forklift operator,forklift operator,forklift operator,2,*,laborer,
university literature instructor,teacher,teacher,2,,,
fourth grade teacher,grad student,grad student,2,,,
fragrance specialist,specialist,specialist,2,,,
utility locator,utility locator,utility locator,2,*,miscellaneous,
freshman nyu,student,student,2,,,
history teacher,teacher,teacher,2,,,
freelance writer editor,writer,writer,2,,,
academic assistant,academic assistant,academic assistant,2,*,assistant,
high school special education teacher,misc education,misc education,2,,,
video producer,video producer,video producer,2,*,artist/designer,
high school principal,misc education,misc education,2,,,
9th grade math teacher,grad student,grad student,2,,,
freshman columbia university,student,student,2,,,
virtual assistant,virtual assistant,virtual assistant,2,*,assistant,
freelance project manager,manager,manager,2,,,
teacher educator,teacher,teacher,2,,,
library reference clerk,librarian,librarian,2,,,
teacher composer,teacher,teacher,2,,,
newspaper reporter,reporter,reporter,2,*,editor,
newspaper copy editor,reporter,reporter,2,*,editor,
newspaper columnist,reporter,reporter,2,*,editor,
stay-at-home dad lawyer,unemployed,unemployed,2,,,
navy jag,military officer,military officer,2,,,
naval officer originally,unemployed,unemployed,2,,,
naval flight officer,naval flight officer,naval flight officer,2,*,military officer ,
art history professor,artist/designer,artist/designer,2,,,
strategy consultant,consultant,consultant,2,,,
management production assistant,management production assistant,management production assistant,2,*,assistant,
director semantic technology,director,director,2,,,
montessori teacher,teacher,teacher,2,,,
archivist originally,unemployed,unemployed,2,,,
architectural project manager,manager,manager,2,,,
architectural historian,architect,architect,2,,,
nonprofit communications director,nonprofit,nonprofit,2,*,director,
middle school civics world history teacher,teacher,teacher,2,,,
database developer,database developer,database developer,2,*,tech developer,
data translation coordinator,coordinator,coordinator,2,,,
payroll professional,payroll professional,payroll professional,2,*,service industry,
pastor hospice chaplain,pastor hospice chaplain,pastor hospice chaplain,2,*,religious services,
paraprofessional,paraprofessional,paraprofessional,2,*,lawyer,
painter handyman,painter handyman,painter handyman,2,*,laborer,
cpa,cpa,cpa,2,*,accountant,
creative director,director,director,2,,,
sophomore northeastern university,student,student,2,,,
operations support specialist,specialist,specialist,2,,,
sophomore swarthmore college,artist/designer,artist/designer,2,,,
sophomore university oklahoma,student,student,2,,,
customer service manager,manager,manager,2,,,
office manager student,manager,manager,2,,,
office manager,manager,manager,2,,,
speechwriter,writer,writer,2,,,
nonprofit resource development specialist,nonprofit,nonprofit,2,*,specialist ,
nonprofit executive director,nonprofit,nonprofit,2,*,director,
middle school band director,director,director,2,,,
museum curator,museum curator,museum curator,2,*,museum ,
application scientist,scientist,scientist,2,,,
medical coder,medical coder,medical coder,2,*,misc health,
e-discovery professional,e-discovery professional,e-discovery professional,2,*,miscellaneous,
mechanical engineer musician,musician,musician,2,,,
mathematics professor,professor,professor,2,,,
systems analyst,analyst,analyst,2,,,
middle high school drama teacher,misc education,misc education,2,*,teacher,
economist,economist,economist,2,*,scientist,
math science educator,teacher,teacher,2,,,
systems engineer,engineer,engineer,2,,,
editor academic competitions,editor academic competitions,editor academic competitions,2,*,editor,
marketing writer,writer,writer,2,,,
marketing strategy consultant,consultant,consultant,2,,,
marketing specialist,specialist,specialist,2,,,
marketing manager,manager,manager,2,,,
marketing director,director,director,2,,,
marketing associate,marketing associate,marketing associate,2,*,marketing,
analytics manager,manager,manager,2,,,
medical device engineer,engineer,engineer,2,,,
medical doctoral student,doctor,doctor,2,,,
structural engineer,engineer,engineer,2,,,
architect,architect,architect,2,,,
medical records coder,medical records coder,medical records coder,2,,,
mental health counselor,misc health,misc health,2,,,
merchandise planner,merchandise planner,merchandise planner,2,*,director,
summer camp director,director,director,2,,,
doctoral student,doctor,doctor,2,,,
door person,door person,door person,2,*,miscellaneous,
social media analyst,analyst,analyst,3,,,
associate professor,professor,professor,3,,,
senior mit,student,student,3,,,
senior finance manager,manager,manager,3,,,
assets protection leader,assets protection leader,assets protection leader,3,*,finance,
science policy fellow,science policy fellow,science policy fellow,3,*,policy maker,
bakery owner,bakery owner,bakery owner,3,*,owner,
ap world history teacher,teacher,teacher,3,,,
student writer,student,student,3,,,
tax accountant originally,unemployed,unemployed,3,,,
software salesman,software salesman,software salesman,3,*,salesperson,
tutoring testing director,director,director,3,,,
senior legislative aide originally,unemployed,unemployed,3,,,
small business owner,small business owner,small business owner,3,*,owner,
aspiring tv writer,writer,writer,3,,,
arts administrator,artist/designer,artist/designer,3,,,
artist,artist/designer,artist/designer,3,,,
veterinarian,veterinarian,veterinarian,3,*,doctor,
biologist,biologist,biologist,3,*,scientist,
attorney editor,attorney,attorney,3,,,
video editor,video editor,video editor,3,,,
art education student,artist/designer,artist/designer,3,,,
army officer originally,unemployed,unemployed,3,*,army officer ,
administrative specialist,specialist,specialist,3,,,
architect originally,unemployed,unemployed,3,,,
sports industry consultant,consultant,consultant,3,,,
visual information specialist originally,unemployed,unemployed,3,,,
advocation support specialist,specialist,specialist,3,,,
aspiring student,student,student,3,,,
web developer,web developer,web developer,3,*,tech developer,
robotics ph.d. student mit,grad student,grad student,3,,,
unemployed bartender,artist/designer,artist/designer,3,,,
substitute teacher,teacher,teacher,3,,,
physics professor,professor,professor,3,,,
mechanical engineer,engineer,engineer,3,,,
legislative librarian,librarian,librarian,3,,,
librarian stay-at-home mom,unemployed,unemployed,3,,,
loan coordinator,coordinator,coordinator,3,,,
education administrator,education administrator,education administrator,3,*,admin,
editor writer,writer,writer,3,,,
math professor,professor,professor,3,,,
e.r. social worker,e.r. social worker,e.r. social worker,3,*,government ,
middle school special education teacher,teacher,teacher,3,,,
military attorney originally,unemployed,unemployed,3,,,
director technology,director,director,3,,,
mortgage coordinator originally,unemployed,unemployed,3,,,
museum development assistant,museum development assistant,museum development assistant,3,*,museum ,
direct service provider,direct service provider,direct service provider,3,*,miscellaneous,
nan,nan,nan,3,*,NA,
navy pilot originally,unemployed,unemployed,3,,,
newscaster editor,newscaster editor,newscaster editor,3,*,editor,
operations manager,manager,manager,3,,,
criminal defense attorney,attorney,attorney,3,*,lawyer,
paralegal,paralegal,paralegal,3,*,lawyer,
pediatric dentist,pediatric dentist,pediatric dentist,3,*,dentist,
pediatric emergency medicine physician,pediatric emergency medicine physician,pediatric emergency medicine physician,3,*,doctor,
legal records assistant,legal records assistant,legal records assistant,3,*,assistant,
engineering student originally,unemployed,unemployed,3,,,
lecturer,teacher,teacher,3,,,
language specialist,specialist,specialist,3,*,specialist ,
graduate student mathematics,grad student,grad student,3,,,
grant writer,writer,writer,3,,,
graduate student communications studies,grad student,grad student,3,,,
geriatrician,geriatrician,geriatrician,3,*,doctor ,
healthcare analyst,misc health,misc health,3,*,analyst,
genomics research manager,manager,manager,3,,,
fundraising project manager,manager,manager,3,,,
freshman georgia tech,student,student,3,,,
freelance musician,musician,musician,3,,,
history professor,professor,professor,3,,,
pediatrician,pediatrician,pediatrician,3,*,doctor,
freelance consultant,consultant,consultant,3,,,
former writer high school english teacher,misc education,misc education,3,*,teacher ,
hotel desk reception clerk,hotel desk reception clerk,hotel desk reception clerk,3,*,service industry,
filmmaker,filmmaker,filmmaker,3,*,artist/designer,
fifth grade teacher,grad student,grad student,3,,,
international development researcher,scientist,scientist,3,,,
executive assistant,manager,manager,3,,,
junior stanford university,student,student,3,,,
junior stetson university,student,student,3,,,
junior university southern california,student,student,3,,,
environmental engineer,engineer,engineer,3,,,
freelance associate casting director,director,director,3,,,
contracting officer,contracting officer,contracting officer,3,*,government ,
youth ministry consultant,consultant,consultant,3,,,
college admission officer,college admission officer,college admission officer,3,*,misc education,
consultant,consultant,consultant,3,,,
chemical engineer,engineer,engineer,3,,,
business owner,business owner,business owner,3,*,manager,
consultant originally,unemployed,unemployed,3,,,
policy researcher advisor,advisor,advisor,3,,,
business development associate originally,unemployed,unemployed,3,,,
retired adjunct professor,unemployed,unemployed,3,,,
program director,director,director,3,,,
product manager,manager,manager,3,,,
church musician homemaker,musician,musician,3,,,
college professor,professor,professor,3,,,
retail manager,manager,manager,3,,,
certified public accountant,certified public accountant,certified public accountant,3,*,accountant,
police officer,police officer,police officer,3,*,emergency services,
puzzlemaker,puzzlemaker,puzzlemaker,3,*,miscellaneous,
museum education manager,manager,manager,4,,,
instructional design consultant,consultant,consultant,4,,,
homemaker,homemaker,homemaker,4,*,unemployed,
user experience librarian,librarian,librarian,4,*,,
private investor,private investor,private investor,4,*,finance,
flight attendant,flight attendant,flight attendant,4,*,,
accountant voice artist,artist/designer,artist/designer,4,,,
former attorney,attorney,attorney,4,*,lawyer,
accountant,accountant,accountant,4,*,accountant,
middle school instrumental music teacher,musician,musician,4,*,musician,
museum educator,teacher,teacher,4,*,museum ,
financial analyst,analyst,analyst,4,,,
stay-at-home parent,unemployed,unemployed,4,,,
supply chain analyst,analyst,analyst,4,,,
draftsman college student,student,student,4,,,
library assistant,librarian,librarian,4,*,,
project coordinator,coordinator,coordinator,4,*,admin,
elementary bilingual teacher,teacher,teacher,4,,,
electrical engineer,engineer,engineer,4,,,
public defender,public defender,public defender,4,*,lawyer,
law student,student,student,4,,,
management analyst,analyst,analyst,4,,,
actor,actor,actor,4,,,
managing director art bazaar,artist/designer,artist/designer,4,*,director,
journalism professor,professor,professor,4,,,
mathematician,mathematician,mathematician,4,*,,
internet operations technician,technician,technician,4,,,
actress writer,writer,writer,4,,,
classical singer,classical singer,classical singer,4,*,musician,
medical informaticist,medical informaticist,medical informaticist,4,*,healthcare,
registered nurse,nurse,nurse,4,*,healthcare,
editorial assistant,editorial assistant,editorial assistant,4,*,admin,
second grade teacher,grad student,grad student,4,*,teacher,
engineering manager,manager,manager,4,,,
veterinary clinical pathologist originally,unemployed,unemployed,4,,,
pastor,pastor,pastor,4,,,
6th grade english teacher,grad student,grad student,4,*,teacher,
20-time jeopardy! champion,20-time jeopardy! champion,20-time jeopardy! champion,4,,,
digital consultant,consultant,consultant,4,,,
graphic designer,artist/designer,artist/designer,4,,,
business analyst,analyst,analyst,4,,,
11th grade u.s. history teacher,grad student,grad student,4,*,teacher,
11th grade physics teacher,grad student,grad student,4,*,teacher,
bus driver trainer,bus driver trainer,bus driver trainer,4,*,teacher,
ph.d. student computer science originally,unemployed,unemployed,4,,,
social media editor,social media editor,social media editor,4,*,artist/designer,
11-year-old,unemployed,unemployed,4,,,
ph.d. student linguistics,grad student,grad student,4,,,
graduate student psychology,grad student,grad student,4,,,
physical therapist,physical therapist,physical therapist,4,,,
cancer registrar originally,unemployed,unemployed,4,,,
g.i.s. technician,technician,technician,4,,,
wrap facilitator,wrap facilitator,wrap facilitator,4,*,admin,
high school french english teacher,misc education,misc education,4,*,teacher,
higher education administrator,higher education administrator,higher education administrator,4,*,admin,
stay-at-home dad,unemployed,unemployed,4,,,
high school world history teacher,misc education,misc education,4,*,teacher,
dentist,dentist,dentist,4,,,
cell biologist,cell biologist,cell biologist,4,*,scientist,
volunteer casa guardian ad litem,volunteer,volunteer,4,,,
high school teacher,misc education,misc education,4,*,teacher,
sophomore university california,student,student,4,,,
sophomore university central florida,student,student,4,,,
freshman tufts university,student,student,4,,,
freshman united states naval academy,student,student,4,,,
9th 10th grade math teacher,grad student,grad student,4,*,teacher,
investment analyst,analyst,analyst,5,,,
retired police officer,unemployed,unemployed,5,*,emergency services,
communications manager,manager,manager,5,,,
psychologist,psychologist,psychologist,5,,,
graduate student originally,unemployed,unemployed,5,*,grad student,
urban planner,urban planner,urban planner,5,*,,
graduate student history,grad student,grad student,5,,,
law professor,professor,professor,5,,,
university professor,professor,professor,5,,,
housewife,housewife,housewife,5,*,unemployed,
third grade teacher,grad student,grad student,5,*,teacher,
high school spanish teacher,misc education,misc education,5,*,teacher,
writer comedian,writer,writer,5,,,
esl teacher,teacher,teacher,5,,,
research editor,scientist,scientist,5,,,
12-year-old,unemployed,unemployed,5,,,
law clerk,law clerk,law clerk,5,*,lawyer,
technical writer,writer,writer,5,,,
bookseller,bookseller,bookseller,5,*,salesperson,
composer,composer,composer,5,*,musician,
compliance analyst,analyst,analyst,5,,,
author,author,author,5,,,
musician,musician,musician,5,,,
nanny,nanny,nanny,5,*,home services,
marketing coordinator,coordinator,coordinator,5,*,marketing,
attorney writer,writer,writer,5,*,lawyer,
data conversion manager,manager,manager,5,,,
middle school math teacher,teacher,teacher,5,,,
office assistant,office assistant,office assistant,5,*,admin assistant,
management consultant originally,unemployed,unemployed,5,*,consultant,
data analyst,analyst,analyst,5,,,
organization development consultant,consultant,consultant,5,,,
ph.d. student economics originally,unemployed,unemployed,5,*,phd,
technical engineer,engineer,engineer,5,,,
ph.d. candidate history originally,unemployed,unemployed,5,*,phd,
pediatric nurse practitioner student,student,student,5,,,
attorney government relations professional,misc government,misc government,5,*,lawyer,
stay-at-home dad graduate student,unemployed,unemployed,6,*,grad student,
freelance writer,writer,writer,6,,,
opera producer,opera producer,opera producer,6,*,artist/designer,
freshman brown university,student,student,6,,,
patent attorney,attorney,attorney,6,*,lawyer,
high school latin teacher,misc education,misc education,6,*,teacher,
hotel front desk clerk recent college graduate,grad student,grad student,6,,,
hotel front desk manager,manager,manager,6,,,
pharmacist,pharmacist,pharmacist,6,*,healthcare,
fire lookout,fire lookout,fire lookout,6,*,emergency services,
software development manager,manager,manager,6,,,
tutor,tutor,tutor,6,*,teacher,
physician healthcare analyst,misc health,misc health,6,*,healthcare,
eighth grader,grad student,grad student,6,,,
law student originally,unemployed,unemployed,6,*,student,
analyst,analyst,analyst,6,,,
construction attorney,attorney,attorney,7,*,lawyer,
english teacher,teacher,teacher,7,,,
english professor,professor,professor,7,,,
naval officer,military officer,military officer,7,,,
research scientist,scientist,scientist,7,,,
actuary,actuary,actuary,7,*,mathematician ,
volunteer guardian ad litem,volunteer,volunteer,7,,,
ph.d. student,grad student,grad student,7,,,
escalation manager,manager,manager,7,*,,
translation coordinator,coordinator,coordinator,7,*,admin ,
archivist,archivist,archivist,7,*,research / museum,
professor english,professor,professor,7,,,
middle school english teacher,teacher,teacher,7,,,
operations analyst,analyst,analyst,7,,,
science content developer,science content developer,science content developer,7,*,teacher,
high school science teacher,misc education,misc education,7,*,teacher,
compliance analyst voiceover artist,artist/designer,artist/designer,8,,,
copywriter,writer,writer,8,,,
banker,banker,banker,8,*,finance/service,
university administrator,university administrator,university administrator,8,*,admin ,
management consultant,consultant,consultant,8,,,
ph.d. student originally,unemployed,unemployed,8,*,grad student,
retired teacher,unemployed,unemployed,8,*,teacher,
customer service representative,customer service representative,customer service representative,9,*,service industry,
freshman,student,student,9,,,
chef,chef,chef,9,,,
network engineer,engineer,engineer,9,*,tech developer,
medical student,student,student,9,,,
physician,physician,physician,9,*,medical doctor,
math teacher,teacher,teacher,9,,,
project manager,manager,manager,10,,,
computer programmer,computer programmer,computer programmer,10,*,tech developer,
educator,teacher,teacher,10,,,
music teacher,musician,musician,10,*,teacher,
software developer,software developer,software developer,11,*,tech developer,
social worker,social worker,social worker,11,,,
attorney originally,unemployed,unemployed,12,*,lawyer,
currency trader,currency trader,currency trader,12,*,finance,
data scientist,scientist,scientist,12,,,
engineer,engineer,engineer,12,,,
writer originally,unemployed,unemployed,12,*,writer,
lawyer,lawyer,lawyer,13,,,
assistant professor,professor,professor,13,,,
music executive,musician,musician,13,,,
administrative assistant,administrative assistant,administrative assistant,14,*,admin ,
high school english teacher,misc education,misc education,14,*,teacher,
microbiologist,microbiologist,microbiologist,16,*,scientist,
journalist,journalist,journalist,16,*,writer,
writer editor,writer,writer,16,,,
sophomore,student,student,17,,,
editor,editor,editor,18,*,writer,
ph.d. candidate,grad student,grad student,18,,,
professor,professor,professor,19,,,
supply chain professional,supply chain professional,supply chain professional,21,,,
teacher,teacher,teacher,22,,,
high school history teacher,misc education,misc education,23,*,teacher,
bartender,artist/designer,artist/designer,26,*,serivce industry,
graduate student,grad student,grad student,28,,,
junior,student,student,29,,,
student,student,student,30,,,
software engineer,engineer,engineer,30,*,tech developer,
professional sports gambler,professional sports gambler,professional sports gambler,31,,,
stay-at-home mom,unemployed,unemployed,32,*,,
librarian,librarian,librarian,33,,,
senior,student,student,34,,,
writer,writer,writer,42,,,
attorney,attorney,attorney,123,,,
