state_id,full_name,state_id_count,winner_flg_count
AK,Chip Brookes,1,0
AK,Oliver Bundy,2,0
AK,Sarah Sinclair,1,0
AK,Thea Lawton,2,1
AL,Allan Ashley,1,0
AL,Andrew Smith,1,0
AL,Brandon Powell,3,2
AL,Carter Spires,3,2
AL,Clay Walls,2,1
AL,Darren Harris-Fain,4,3
AL,Ed Hagar,1,0
AL,Elena Stuewe,1,0
AL,Jean Parker,1,0
AL,Karen Gieger,1,0
AL,Kelvin Smith,1,0
AL,Lizzie Turner,1,0
AL,Marion Montgomery,1,0
AL,Matt Preston,3,2
AL,Michael Sieja,1,0
AL,Riley Westmoreland,1,0
AL,Rotimi Kukoyi,1,1
AL,Salomé Gonstad,1,0
AL,Sharath Narayan,4,4
AL,Thomas Phillips,2,1
AL,Zach Dark,3,2
AR,Andrew King,2,1
AR,Cody Vest,1,0
AR,Cooper Lair,4,3
AR,Doug Behrend,2,2
AR,Eli Nehus,2,1
AR,Fritz Brantley,1,1
AR,George Holcomb,1,1
AR,Grace Riley,1,0
AR,Hans Kamm,1,0
AR,Jake Allen,2,0
AR,Josh Hill,7,6
AR,Mary Parker,4,2
AR,Shane Whitlock,1,0
AR,Siobhan Fabio,1,0
AZ,Al Cho,1,0
AZ,Amy Thon,1,0
AZ,Barbara Fox,1,0
AZ,Barbara Gao,1,0
AZ,Chris Cardinal,1,0
AZ,Claudia Walters,1,0
AZ,Donna Normington,1,0
AZ,Frank Lang,2,1
AZ,Georjean McKeeman,1,1
AZ,Jason Downer,1,0
AZ,Jennie Floyd,1,0
AZ,Jill Rausch,2,1
AZ,Kellyn Johnson,1,0
AZ,Lenny Porges,2,2
AZ,Leszek Pawlowicz,2,1
AZ,Missy Meyer,1,0
AZ,Peggy Szymeczek,1,0
AZ,Sam Kooistra,1,0
AZ,Shawn Friend,1,0
AZ,Tara Baxter,1,0
AZ,Tenaya Snider,1,0
AZ,Tim Varecka,1,1
AZ,Tracy Alexander,1,0
AZ,Trevor Schultz,1,0
AZ,Tucker Dunn,4,3
CA,Adam Scholze,1,0
CA,Adam Soffrin,1,0
CA,Adrian Goldstein,1,1
CA,Adriana Ciccone,3,2
CA,Adrianne Woodward,1,0
CA,Aggie Lee,2,1
CA,Alan Lin,11,9
CA,Alan Sherman,1,1
CA,Alex Lautanen Walker,1,0
CA,Alex Schmidt,5,4
CA,Alexander Schwab,1,0
CA,Alisha Mathalikunnel,1,0
CA,Allison Berke,1,0
CA,Amy Berg,1,0
CA,Andrew Kung,2,2
CA,Andrew Lee,3,2
CA,Ani Gupta,1,0
CA,Annalisa Srivatsan,1,0
CA,Anuj Patel,1,0
CA,Ari Voukydis,1,0
CA,Ariel Watkins,1,0
CA,Asim Modi,2,1
CA,Ava Hadaway,1,0
CA,Ben Goldstein,1,0
CA,Ben Smolen,1,0
CA,Bhaskara Marthi,1,0
CA,Bill Murphy,1,0
CA,Billy Wong,1,0
CA,Bob Harris,1,0
CA,Bonnie Leih,1,0
CA,Brandon Bidlack,1,0
CA,Brendan Getzell,1,1
CA,Brian Hamilton,3,2
CA,Brianne Archer,1,0
CA,Bryan Rucker,1,1
CA,Bryna Fischer,1,1
CA,Buzzy Cohen,13,12
CA,Cameron Yahr,1,0
CA,Carlos Garcia,1,0
CA,Carly Shevinsky,1,0
CA,Carol Hansen,1,0
CA,Caroline Cawley,1,0
CA,Cary Finkelstein,1,0
CA,Cate Hollenbeck,1,0
CA,Catherine Ono,3,2
CA,Charlie Jensen,1,0
CA,Chris Nadon,1,0
CA,Christine Gengaro,1,1
CA,Christine Schreck,1,0
CA,Christopher Records,1,0
CA,Courtney Paulson,2,1
CA,Dan Green,1,0
CA,Dan Hess,1,1
CA,Dan Melia,1,0
CA,Dan Viafore,1,0
CA,Dani Cook,1,0
CA,Daniel Esch,1,0
CA,Daniel Ludlam,1,0
CA,Daniel Okamura,1,0
CA,Dave Scatena,2,2
CA,David Greenberg,1,0
CA,David Sena,1,1
CA,Del Scott,1,0
CA,Denise Littlejohn,2,2
CA,Dennis Fawcett,2,1
CA,Dennis Fipps,1,0
CA,Doug Groshart,2,0
CA,Doug Perez,2,1
CA,Eamon Doyle,1,0
CA,Ed Brown,1,0
CA,Ed Kim,2,1
CA,Edward Montiel,1,0
CA,Eesha Sohail,2,0
CA,Elena Gray-Blanc,1,0
CA,Elicia Woerle,1,1
CA,Elizabeth Scott-Jones,1,0
CA,Emily Campbell,1,0
CA,Emily Deckenback,1,0
CA,Emily Lewis,1,0
CA,Emily Sun,2,1
CA,Eric Kaplan,1,0
CA,Eric Simmonds,1,0
CA,Eric Thorpe,2,1
CA,Erik Latshaw,1,1
CA,Esteban Fernandez,1,0
CA,Evan Perkins,1,0
CA,Evan Sroka,1,0
CA,Farhad Mahmoudi,1,0
CA,Graham Toben,1,0
CA,Greg Frost,1,0
CA,Gwynedd Stuart,1,0
CA,Hannah Safford,1,0
CA,Harris Stutman,4,3
CA,Hilary Gaughen,1,0
CA,Hobie Barnes,1,0
CA,J.D. Lape,1,0
CA,JJ Harris,1,0
CA,Jack Izzo,2,0
CA,Jackie Fuchs,5,4
CA,Jaime Ryan,1,0
CA,James Behrens,1,0
CA,James Pelayo,1,0
CA,Jeff Filippini,1,0
CA,Jeff Lasky,1,0
CA,Jeff Trojan,1,0
CA,Jenn Frohlich,1,0
CA,Jennifer Blanton,4,3
CA,Jennifer Gilmore,1,0
CA,Jennifer Sterling,1,0
CA,Jennifer Tomassi,2,1
CA,Jeremy Zarowitz,1,0
CA,Jerry Tsai,1,0
CA,Jessica Johnston,2,2
CA,Jessica Rea,1,1
CA,Jim Hope,1,0
CA,Jim Read,1,0
CA,Joanna Kimmitt,2,1
CA,Joe Castro,2,1
CA,Joe Indiviglia,1,0
CA,Joel Goldes,1,0
CA,Johanna Andrews,1,0
CA,John Hendel,1,0
CA,Jon Barber,2,1
CA,Jon Brown,1,0
CA,Jon Eisenman,7,5
CA,Jon Rossiter,1,1
CA,Jonah Platt,1,0
CA,Jonathan Dinerstein,5,4
CA,Jordan Skidmore,1,0
CA,Josh Duggan,1,0
CA,Josh Stephens,1,1
CA,Josie Bianchi,1,0
CA,Julia Lee,2,1
CA,Julia Levine,1,0
CA,Julie Sesnovich,1,0
CA,Julie Vazquez-Souza,1,0
CA,Justin Burden,1,0
CA,Kat Lewin,1,0
CA,Kate Laubscher,2,0
CA,Kate Tucci,1,0
CA,Katherine Saxby,2,1
CA,Katie Frank,3,2
CA,Katie Landers,1,0
CA,Kay Yung,1,0
CA,Kaya Chua,1,0
CA,Keely Walker,1,0
CA,Kelsey Van Bokkem,1,0
CA,Kevin Donohue,1,0
CA,Kevin Huang,1,0
CA,Kevin Ruby,1,0
CA,Kiana Nakamura,2,2
CA,Kiyana Holderbaum,1,0
CA,Larissa Dizon,1,0
CA,Larissa Kelly,1,0
CA,Laura Hite,1,0
CA,Laura Spoelstra,1,0
CA,Lauren Cusitello,1,1
CA,Linda Fraley,1,0
CA,Linda Shaver-Gleason,1,0
CA,Lisa Beth Davis,1,1
CA,Liz Levin,1,0
CA,Lori Goodman,2,1
CA,Lydia Cuffman,3,1
CA,Mackenzie Brooks,1,0
CA,Maire Kennedy,1,0
CA,Mallory Howe,1,0
CA,Manuel Bermúdez,1,0
CA,Marcus Leung,1,0
CA,Marshall Shelburne,1,0
CA,Martin Chetlen,1,0
CA,Mary Ann Borer,5,4
CA,Matthew Swanson,1,0
CA,Maureen Block,1,0
CA,Megan Logsdon,1,0
CA,Melanie Tannenbaum Hepler,1,0
CA,Melissa Fall,1,0
CA,Michael Bilow,1,0
CA,Michael Buss,1,0
CA,Michael Koh,1,0
CA,Michael Kwan,1,1
CA,Michael Riggs,1,0
CA,Miles Lake,1,0
CA,Mitch Rodricks,1,0
CA,Monica Foy,1,0
CA,Monique Aldred,1,0
CA,Nate Ross,2,1
CA,Nathan Kaplan,2,1
CA,Nic Pereira,1,0
CA,Nick Durazo,2,2
CA,Nick Hurwitz,1,0
CA,Niels Hirschmann,1,0
CA,Nikhil Damle,1,0
CA,Niraj Dhami,1,1
CA,Niño Yosinao,1,0
CA,Patricia Jia,1,0
CA,Patrick Fernandez,1,0
CA,Patrick Wyman,1,0
CA,Paul Hoan Zeidler,1,0
CA,Pete Miranti,1,0
CA,Pete Tachibana,1,0
CA,Pete Vanderhyden,1,0
CA,Peter Diedrich,1,0
CA,Peter Guekguezian,4,4
CA,Pidge Meade,2,2
CA,Playing the Double Jeopardy! Round: Larissa Kelly,1,1
CA,Playing the Final Jeopardy! Round: Alan Lin,1,0
CA,Playing the Jeopardy! Round: Brad Rutter,1,1
CA,Playing the Jeopardy! Round: Pam Mueller,1,0
CA,Rachael Schwartz,2,1
CA,Rachel Levinson-Emley,1,0
CA,Ramona Riddles,1,0
CA,Ray Coshow,1,1
CA,Rebeca Avila,1,0
CA,Rebecca Baird,1,0
CA,Rebecca Harlow,1,0
CA,Regina Cabrera,2,2
CA,Remy Timbrook,1,1
CA,Richmond Curtiss,1,0
CA,Rishi Sangani,1,0
CA,Rob Hornick,1,0
CA,Rob Salerno,2,1
CA,Rob Seidenwurm,1,0
CA,Robert Dimitri,2,1
CA,Robert Weibezahl,2,1
CA,Robert Wood,1,0
CA,Ryan Graham,1,0
CA,Ryan O'Shea,1,0
CA,Ryan VanderYacht,1,0
CA,Sally Sheinberg,1,0
CA,Sally Wright,1,0
CA,Sam Deutsch,1,0
CA,Sam Sukaton,1,0
CA,Sameer Rai,1,0
CA,Sara Callori,1,0
CA,Scott Lord,7,5
CA,Scott Swartz,1,0
CA,Sean Dennison,1,0
CA,Sebastian Davis,1,0
CA,Seth Madej,1,0
CA,Simone Chavoor,1,0
CA,Stacy Gardner,1,0
CA,Steph Bundy,2,1
CA,Steve Buechner,1,0
CA,Steve Gavenas,1,0
CA,Steven Green,1,0
CA,Suzanne Vito,2,2
CA,Tanner Hesse,1,0
CA,Ted Dorsey,1,0
CA,Tessa Fleming,2,0
CA,Thaddeus Lisowski,1,0
CA,Thomas Todd,1,0
CA,Tim Suba,1,0
CA,Tim Young,1,0
CA,Tod Macofsky,1,0
CA,Todd DeFilippi,2,1
CA,Todd Grabarsky,1,1
CA,Tom Nosek,1,0
CA,Tracy McCarthy,1,0
CA,Trevor Crowell,2,1
CA,Troy Senik,2,1
CA,Troy Steinmetz,1,0
CA,Tyler Dilts,1,1
CA,Tyler Shattuck,1,0
CA,Victoria Machado,1,1
CA,William Scott,4,1
CA,William Tran,1,0
CA,Zia Jones,1,0
CA,Zlatan Hodzic,1,0
CO,Adam Manning,1,0
CO,Alex Koral,1,0
CO,Amy Falconetti,1,0
CO,Amy Sumner,1,0
CO,Andrea Keleher,2,1
CO,Andrea Keppers,1,0
CO,Becky Wilson,1,1
CO,Beth Binder,1,0
CO,Betsy Chisolm,1,0
CO,Charlie Jorgenson,3,2
CO,Chrissy Swisher,1,0
CO,Christi Esterle,3,2
CO,Colby Potter,2,2
CO,Daniel Grigg,2,1
CO,Dara Gocheski,1,0
CO,Darin Brown,1,0
CO,Debbie Kauffman,1,1
CO,Florence Garbini,1,0
CO,Gavin Mulligan,2,1
CO,Geoff Brousseau,2,1
CO,Greg Seroka,8,7
CO,Jake McCrory,1,1
CO,Jedidiah Smith,1,0
CO,Jeff Machusko,1,0
CO,Jeff Witte,1,0
CO,Jennifer Giles,5,4
CO,Jim Bickford,1,0
CO,John McKay,1,0
CO,Jon Groubert,4,3
CO,Jon Lubbers,1,0
CO,Jonathan Lindeen,3,2
CO,Josh Demby,1,0
CO,Julio Trujillo,1,0
CO,Justin Bender,5,4
CO,Kalen Meine,1,0
CO,Kelsey Barcomb,1,0
CO,Kevin Shrum,3,2
CO,Kyle Adams,1,0
CO,Kyle Jones,8,7
CO,Lauren Owen,1,0
CO,Lee Barrow,1,0
CO,Lonnie Weis,1,0
CO,Lynn Klyde-Allaman,2,2
CO,Lynsey McMullen,1,0
CO,Marty Cunningham,4,3
CO,Mary Duffy,1,0
CO,Matt Masich,1,1
CO,Megan Casey,1,0
CO,Melinda Dudley,1,0
CO,Michael Boss,1,0
CO,Pat Woodard,1,0
CO,Rob Wivchar,1,0
CO,Russ Schumacher,3,2
CO,Sarah Daly,1,0
CO,Shari Post,1,0
CO,Susan MacKay Smith,1,0
CO,Tara Yack,1,0
CO,Tracy Bacon,1,0
CO,Vicki Cole,1,1
CO,Zane Dowty,1,0
CT,Benjamin Schwartz,2,1
CT,Burt Westermeier,2,2
CT,Cory Harris,2,1
CT,Dan Levy,1,0
CT,Hannah Ewing,1,0
CT,Hannah Nekritz,2,0
CT,Heath Herel,1,0
CT,Jason Raffile,1,0
CT,Liz Miles,1,0
CT,Maria Pecoraro,1,0
CT,Nathalie Szilagyi,1,1
CT,Pauline Sholtys,1,0
CT,Rich Steeves,1,0
CT,Scott Bergeron,1,0
CT,Susan Corica,2,1
CT,Swetha Dravida,1,0
CT,Vivek Ravishanker,3,3
CT,Warren Toland,1,0
CT,Wendy Hardenberg,1,0
CT,William Baldwin,1,0
DE,Jane Joseph,2,1
DE,Jim Hamilton,1,0
DE,Kristin Sausville,7,5
DE,Lily Allingham,2,1
DE,Mohan Malhotra,2,1
DE,Richard Koehler,2,1
DE,Rob Wolf,1,0
DE,Sam Stubblefield,2,1
DE,Susan Donnelly-Kaye,1,0
DE,Vicki Kelly,1,0
FL,Alan Hait,1,0
FL,Alan Koolik,4,3
FL,Alan Lange,2,1
FL,Alex Schraff,1,1
FL,Allison Solomon,2,1
FL,Barbra Resnick,3,2
FL,Ben Rudd,1,0
FL,Ben-Hur Flores,2,1
FL,Bucky McMahon,1,0
FL,Cameron Kim,1,1
FL,Carsen Smith,1,0
FL,Catherine Meeker,1,0
FL,Chantelle Schofield,3,2
FL,Charbel Barakat,2,1
FL,Chris Becker,4,3
FL,Claire Sattler,4,3
FL,Dana Thurmond Bruno,1,0
FL,Elisabeth Lancaster,1,0
FL,Erin Matherne,1,0
FL,Frank Orlando,1,0
FL,George Stuart,2,1
FL,Greg Antoine,1,0
FL,Guy Wilson,1,0
FL,Hannah Sage,4,2
FL,Hannah Whisnant,1,0
FL,Heather Burnett,1,0
FL,Hilary Carney,2,1
FL,Holly Ahronheim,1,0
FL,Imar Dacunha,1,0
FL,Jade Ryan,1,0
FL,Jennifer Shepherd,1,0
FL,Joe Quackenbush,1,0
FL,Josh Silverman,2,2
FL,Julie Adair,2,1
FL,Julie Brannon,3,3
FL,Justin Cosgrove,1,1
FL,Kathy Riley,2,1
FL,Kevin Hozey,2,1
FL,Lara Croft,1,0
FL,Lauren Gilmore,2,0
FL,Laurie McNeill,1,0
FL,Leah Blumenfeld,1,0
FL,Leeyu Addisu,1,0
FL,Lorelle Anderson,1,0
FL,Lucas Miner,4,2
FL,Maggie Brown,1,0
FL,Mara Apostol,2,1
FL,Margaret Hamilton,1,0
FL,Mari Hanley,3,0
FL,Matthew Bunch,2,0
FL,McKinnie Lee Sizemore,1,0
FL,Michael Pascuzzi,1,1
FL,Mike Blaha,1,0
FL,Mike Dupée,1,1
FL,Natasha Baker-Bradley,1,1
FL,Neel Kotra,1,0
FL,Norine Noonan,1,0
FL,Reese Wallace,1,0
FL,Sacha Samotin,2,1
FL,Salvatore Parente,1,0
FL,Sam Osborne,1,0
FL,Sarah Boulding,1,0
FL,Satish Chandrasekhar,1,0
FL,Serena Kay Tibbitt,2,0
FL,Sharren Lee Gibbs,1,0
FL,Shawn Moore,1,0
FL,Sofi Albizuri,1,0
FL,Terrie Vasilopoulos,1,0
FL,Thad McCollum,2,2
FL,Traci Clark,2,0
FL,Wilcley Lima,1,0
FL,Zane Ice,1,1
GA,Adam Francois Watkins,2,1
GA,Adam Stone,1,0
GA,Addie Kluemper,1,0
GA,Adrian Perez,1,0
GA,Alan Dunn,6,6
GA,Amanda Richards,1,0
GA,Amanda Rosner,1,0
GA,Andrew Moore,1,0
GA,Barbara Gooby,1,1
GA,Brad Rudy,1,0
GA,Brian Keele,2,1
GA,Caitlin Sok,1,1
GA,Chandreyi Ghosh,2,2
GA,Chris Hoeh,1,1
GA,Claudia Corriere,3,3
GA,Claudia Stucke,3,2
GA,Cynthia Davis,1,0
GA,David Bradley,3,2
GA,Dean Meyer,2,2
GA,Dhruv Gaur,5,5
GA,Dianne Lee,1,0
GA,Elizabeth Crofton,1,0
GA,Evan Caris,1,0
GA,Faris Alikhan,2,1
GA,Frankie Lynne,1,0
GA,Haley Zapal,2,2
GA,Holly Stewart,1,0
GA,Hugh Dinteman,1,0
GA,Hunter Appler,1,0
GA,Jason Lai,1,0
GA,Jay Sexton,1,0
GA,Jean Koff,1,0
GA,Jennifer Hoosier,1,0
GA,Jennifer Katz,1,0
GA,Jessica Cantrell,2,0
GA,Jordan Moore,1,0
GA,Josiah Takang,1,0
GA,Justin Bolsen,2,1
GA,Katie Pieper,1,0
GA,Kay Thanaporn,2,1
GA,Kimberly Bond,1,0
GA,Lane Flynn,3,2
GA,Laura Ashby,3,2
GA,Lilly Chin,6,3
GA,Lindsay Resnick,2,1
GA,Mags Doss,1,0
GA,Mai Kulkarni,1,0
GA,Mark Dawson,2,1
GA,Mary Green,1,0
GA,Maya Wright,4,2
GA,Megan Loyd,1,0
GA,Melanie Glassco,1,0
GA,Michelle Bulger Mabery,1,0
GA,Natasha Gainey,2,1
GA,Philip Tiu,4,3
GA,Phyllis Gilbert,1,0
GA,Rand Wise,1,1
GA,Robin Carroll,2,1
GA,Sarah Trowbridge,1,0
GA,Seth Cope,1,0
GA,Sheila Churchill,1,0
GA,Soyia Ellison,1,0
GA,Stephanie Pierson,1,0
GA,Steve Stoffle,2,1
GA,Steven Grade,3,3
GA,Susan Sexton,1,0
GA,Susan Thurman,1,0
GA,Tiombi Prince,3,2
GA,Tony Langford,1,0
GA,Tracey Hollabaugh,1,0
GA,Will Anderson,3,2
GA,Zach Binney,1,0
HI,Brandon Beckler,1,0
HI,Victor Saymo,1,0
IA,Alexander Persaud,5,3
IA,Amy Nienaber,3,2
IA,Andy Axel,2,1
IA,Andy Mills,1,0
IA,Bonnie Megel,2,1
IA,Erin Post,1,0
IA,Jayne Lady,1,0
IA,Jill Gilbert,4,2
IA,Marcy Lehman,1,0
IA,Martha Jackson,1,0
IA,Melissa Spencer,2,1
IA,Robert Perez,1,0
IA,Sandy Carroll,1,0
ID,Dan Martson,2,1
ID,J.B. Evans,1,0
ID,Josiah Drewien,1,0
ID,Kevin Brown,1,0
ID,Niki Peters,4,2
IL,Afam Onyema,1,0
IL,Alex Jacob,12,11
IL,Amanda Brock,1,1
IL,Amanda Fieiras,1,0
IL,Amy Finkelstein,1,0
IL,Amy Goodchild,1,0
IL,Amy Hart,1,0
IL,Amy Merrick,1,0
IL,Andrew Miller,1,0
IL,Andy Anderson,1,0
IL,Ankoor Bagchi,1,0
IL,Anna Hautzinger,1,0
IL,Annie Busiek,2,1
IL,Anupama Srirangan,1,0
IL,Ben Parker,1,0
IL,Ben Yuhas,1,1
IL,Brandon Barnes,1,0
IL,Brandon Brooks,2,1
IL,Bryce Johnson,2,1
IL,Caity Willox,1,0
IL,Carol McGhee,1,0
IL,Cary Bonnell,1,1
IL,Christina Pulawski,1,0
IL,Christopher Denault,1,0
IL,Claudia Perry,1,0
IL,Colby Burnett,3,2
IL,Colin Gleeson,1,0
IL,Dave Baltmanis,1,0
IL,Dolph Chaney,1,0
IL,Elan Sherbill,1,0
IL,Ellen Wernecke,3,2
IL,Emily Rollman,1,0
IL,Emma Boettcher,4,3
IL,Emma Florio,1,0
IL,Erica Dreisbach,1,0
IL,Erik Johns,1,0
IL,Garan Geist,1,0
IL,Gretchen Neidhardt,1,1
IL,Gwen Niksic,2,1
IL,Heidi Eichler,1,0
IL,Isabella Pagano,1,0
IL,Jack Paleczny,1,0
IL,Jami Griffeth,2,1
IL,Jamie Newland,3,2
IL,Jasmine Leonas,1,0
IL,Jason Newell,1,1
IL,Jason Washington,2,0
IL,Jen Aronoff,1,0
IL,Jen Kadzie,1,0
IL,Jennifer Johnson,1,0
IL,Jill Staunton,1,0
IL,Joe Keehnast,1,0
IL,John Fassola,1,1
IL,John Myers,1,0
IL,Joyce Hshieh,4,4
IL,Julia Collins,25,22
IL,Julie Stapel,1,0
IL,Kaberi Chakrabarty,4,1
IL,Kara Chandler,2,2
IL,Kathleen O'Shea,1,0
IL,Kelly Lasiter,2,1
IL,Lauren Donahoo,1,0
IL,Lauren Kiehna,2,1
IL,Lauren Michniacki,1,0
IL,Leah Turpin,1,0
IL,Lisa Kristina,3,2
IL,Lisa Mueller,2,1
IL,Louis Virtel,1,1
IL,Lydia Disabatino,1,0
IL,Maria Santonato,1,0
IL,Marianne Novak,1,0
IL,Mariusz Galczynski,2,1
IL,Mark Ashton,2,1
IL,Marlon Morris,1,0
IL,Mary Bayer,2,0
IL,Mary Ciconte,1,0
IL,Maryanne Theyerl,1,0
IL,Matt Keeshin,1,0
IL,Matthew Harney,1,0
IL,Matthias Clark,1,0
IL,Megan Hauser,1,0
IL,Megan Hersman,1,0
IL,Meghan Treptow,1,0
IL,Meghan Whalen,1,1
IL,Melissa Applebee,1,0
IL,Michael Bilow,4,3
IL,Michael Camp,2,1
IL,Michael Oliphant,1,0
IL,Michelle Kritselis,1,0
IL,Nancy Bauer,1,0
IL,Nancy Rohlen,1,0
IL,Neill Mohammad,1,0
IL,Padraic Connelly,1,0
IL,Pat DeVane,1,0
IL,Pat Kavanaugh,1,0
IL,Peter Karamitsos,3,3
IL,Peyton Brown,1,0
IL,Phyllis Kidd,1,0
IL,Playing the Double Jeopardy! Round: Colby Burnett,1,1
IL,Playing the Double Jeopardy! Round: Seth Wilson,1,1
IL,Playing the Final Jeopardy! Round: Julia Collins,1,1
IL,Pranjal Vachaspati,2,0
IL,Rachael Sims,2,1
IL,Sam Spencer,1,0
IL,Sami Siegelbaum,1,0
IL,Samir Patel,1,0
IL,Sarah Hoban,1,0
IL,Sarah Labadie,1,0
IL,Sean Anderson,4,3
IL,Sean Sullivan,1,0
IL,Selena Groh,2,1
IL,Seth Wilson,12,11
IL,Shannan Younger,1,0
IL,Shannon Hindahl,1,0
IL,Stephanie Bilyeu,1,0
IL,Stephanie Mitchell,1,0
IL,Susan Logan,1,0
IL,Tim Cho,2,1
IL,Tori Campbell,3,2
IL,Trish Floyd,1,0
IL,Tyler Miksanek,1,0
IL,Veryl Gambino,1,0
IL,Vincent Valenzuela,2,1
IL,Will Harter,1,0
IL,Zelda Pulliam,1,0
IN,Aaron Ellis,1,0
IN,Alex Sventeckis,1,1
IN,Amanda Barlau,1,0
IN,Amy David,1,0
IN,Audrey Satchivi,2,1
IN,Bryan Brzycki,1,0
IN,Carissa Pekny,1,0
IN,Carl Conway,1,0
IN,Daniel Carden,2,1
IN,Denver Wade,1,0
IN,Emily Hillard,1,0
IN,Emlen Smith,1,0
IN,Ernestine Gardner,1,1
IN,George Lyle,1,0
IN,Jennifer Berry,1,0
IN,Jennifer Lloyd,1,0
IN,Jessica Efron Sauer,1,0
IN,Kate Brandt,1,0
IN,Krissy Brzycki,1,1
IN,Kylie Carrithers,1,0
IN,Lindsey Piesz,1,0
IN,Lindsey Stallings,1,0
IN,Maggie Davis,1,0
IN,Marcus Gresham,4,3
IN,Marie Halvorsen-Ganepola,1,0
IN,Nicole Cocklin,2,1
IN,Penny Reid,2,1
IN,Phil Tompkins,1,0
IN,Riley Molin,1,0
IN,Ryan Hughey,1,0
IN,Sam Lerner,2,0
IN,Sandy Hall,1,0
IN,Sarah Wright,1,0
IN,Sawyer Morgan,2,1
IN,Scott McFadden,4,3
IN,Stan Jastrzebski,1,0
IN,Steve Garbacz,1,0
IN,Susie Highley,1,0
IN,Tina Doppler,1,0
IN,Todd Lovell,2,2
IN,Tom Landvatter,1,0
IN,Wayne Erxleben,1,0
KS,Andy Hyland,1,0
KS,Damien Martin,1,0
KS,FeiFei Jiang,1,0
KS,Jessica Rebel,1,0
KS,Laura Lorson,3,2
KS,Liz Fritz,1,0
KS,Rebecca Nowack,1,0
KS,Shane Curtis,5,3
KS,Whitney Marshall,1,0
KY,Ashley Singh,1,0
KY,Claire Bishop,4,1
KY,Dave Abbott,1,0
KY,Doug Wilham,1,0
KY,Eileen Bunch,1,0
KY,Erin Christopher,1,0
KY,Jackson Jones,2,2
KY,Jacqueline Hawkins,3,2
KY,Joshua Qualls,1,0
KY,Kathleen Guess,1,0
KY,Katie Grosteffon,1,0
KY,Katrina Ice,1,0
KY,Kristy Calman,1,0
KY,Matt Akridge,1,0
KY,Pam Platt,2,1
KY,Rain Dunaway,1,0
KY,Randy Pike,1,0
KY,Rani Peffer,1,0
KY,Ravi Subramanian,1,1
KY,Sarah Woodring,1,0
KY,Sean Cauley,1,0
KY,Tara Anderson,2,1
KY,Trevor Mahoney,1,0
KY,Vicki Leibeck-Owsley,1,0
LA,Alison Saunders,2,0
LA,Alix Basden,1,0
LA,Alysha Rooks,3,2
LA,Amy Yacorzynski,1,0
LA,Ann Conger,3,3
LA,Ben Foley,1,0
LA,Caitlion O'Neill,1,0
LA,Carl Falstrom,1,0
LA,Caroline Trammell,1,0
LA,Colin Utley,1,0
LA,Courtney Llewellyn,1,0
LA,Eugene Britton,1,0
LA,John Fowle,1,1
LA,LaKedra Pam,3,2
LA,Lorie Gasior,1,1
LA,Michael Roy,1,0
LA,Rex Moroux,1,0
LA,Shannon Gillard,1,0
LA,Todd Giese,6,5
MA,Abby Roughton,1,0
MA,Alex Jumper,1,0
MA,Alexandra Bicks,1,0
MA,Amanda Harvey,1,0
MA,Amanda Levreault,1,0
MA,Amy Ramsay,2,0
MA,Amy Ware,1,0
MA,Annie Moriondo,2,1
MA,Ben Raphel,2,1
MA,Beverly Garcia,1,0
MA,Brendan Roach,3,2
MA,Brennan Bushee,9,6
MA,Brian Quinn,1,1
MA,Carrie Blazina,1,0
MA,Christina Boyadjian,1,0
MA,Dan Atherton,1,0
MA,Dan Tran,2,1
MA,Diana Hsu,3,2
MA,Dori Phillips,1,0
MA,Doug Dodson,4,3
MA,Emily Dumas,1,0
MA,Eric Fleury,1,0
MA,Erin Steinhart,1,0
MA,Evan Bick,1,0
MA,Fritz Holznagel,1,0
MA,Gautam Mukunda,2,1
MA,Gerard Simonette,1,0
MA,Gordon Marx,1,0
MA,Irene Brockman,1,0
MA,Jeanne Kaiser,1,0
MA,Jen Jabaily Blackburn,2,1
MA,Jill Panall,1,0
MA,Justin Bourassa,1,0
MA,Kate Jovin,2,1
MA,Katie Price,2,1
MA,Kerstin Nordstrom,1,1
MA,Kevin Patterson,2,1
MA,Laura Weiner,1,0
MA,Laurie MacDougall,4,3
MA,Maggie Beazer,1,0
MA,Matt Hoffer-Hawlik,2,1
MA,Matt Pressman,3,3
MA,Michael Malyszko,1,0
MA,Michelle Rosen,2,2
MA,Mike Barrett,2,1
MA,Morgan Burns,1,1
MA,Praggya Rustagi Barretto,1,0
MA,Prairie Rose Clayton,1,0
MA,Rick Doyon,1,0
MA,Sara Tess Neumann,1,0
MA,Shari Meyer,1,0
MA,Stacy Layton,1,0
MA,Stephanie Garrone-Shufran,2,1
MA,Suzy Langevin,1,0
MA,Tricia Riley,1,0
MA,Virginia Cummings,3,2
MD,Aaron Lichtig,2,1
MD,Adam Antoszewski,1,0
MD,Alain Norman,1,0
MD,Alex Bourzutschky,2,1
MD,Allison Totura,1,0
MD,Amanda Bruchs,1,0
MD,Amanda Darby,1,0
MD,Amy Kroll,1,0
MD,Anne Campbell,1,0
MD,Antonio Karides,2,0
MD,Bernadette Nguyen,1,0
MD,Bert Ifill,1,0
MD,Bianca Benincasa,1,0
MD,Bianca Ligon,1,0
MD,Bill Patschak,1,0
MD,Brad Snyder,1,0
MD,Brendan McParland,1,0
MD,Brittany Franckowiak,1,0
MD,Catherine Kruchten,1,0
MD,Chad Capule,1,0
MD,Charles Yu,1,1
MD,Clarissa Santori,2,0
MD,Courtney Jones,1,0
MD,David Greisman,2,1
MD,David Zimand,1,0
MD,Deb Seltzer,1,0
MD,Debb Johnson,2,1
MD,Dennis McDonald,1,0
MD,Derrick Shivar,2,1
MD,Emily Bridges,1,0
MD,Emily Hollins,1,0
MD,Emma Arnold,4,1
MD,Erik Agard,3,3
MD,Erika Eason,2,0
MD,Erin Henry,1,0
MD,Erin Wilson,1,0
MD,Gary Tse,4,2
MD,Hannah Krug,1,0
MD,Hope Shinn,1,1
MD,Howard Jacobs,1,0
MD,Ian Borland,1,0
MD,Jan Corsetty,1,0
MD,Jay Hancock,1,0
MD,Jen Stoy,1,0
MD,Jeremy Eaton,1,0
MD,Jill Rowley,3,3
MD,Jim Luh,1,0
MD,John Ogden,1,0
MD,Jordan Boyd-Graber Ying,1,1
MD,Julien Corven,1,0
MD,Lanier Heyburn,1,0
MD,Lawrence Dernulc,1,0
MD,Lena Liberman,1,0
MD,Lindsay Wilson,1,0
MD,Margie Eulner Ott,2,1
MD,Matt Brannagan,1,0
MD,Megan Gardner,1,0
MD,Michael Camiel,1,0
MD,Nathan Chadwick,1,0
MD,Noah Cowan,1,0
MD,Paul Belin,1,0
MD,Rachel Bauman,2,0
MD,Rebecca Wald,4,3
MD,Sam Deutsch,3,3
MD,Sara DelVillano,4,1
MD,Sarah Godwin,1,0
MD,Sarah Walsh,1,0
MD,Sean Chong,1,0
MD,Sophia Weng,1,0
MD,Stephanie Snyder,1,0
MD,Susan Campbell,1,0
MD,Susan Cole,3,2
MD,Tanya Obreiter,3,2
MD,Trisha Eustaquio,1,0
MD,Valerie Connors,1,0
MD,Vaughn Winchell,9,5
MD,Vidya Srinivasan,1,0
MD,Walt Livingston,1,0
MD,Wyatt Feeler,1,0
ME,Allen Adams,1,0
ME,Ian Shin,1,0
ME,Kirsten Albair,1,0
ME,Lee Glazer,1,0
ME,Mike Luca,1,0
ME,Shawn Paul,1,0
ME,Thom Page,1,0
ME,Vicky Smith,1,0
MI,Alex Cervenak,1,0
MI,Alex Irvine,2,1
MI,Amanda Griggs,1,0
MI,Amanda Holm,2,1
MI,Amy Pistone,1,0
MI,Andrew Lai,1,0
MI,Bill Knuth,2,0
MI,Brennan Summers,1,0
MI,Carl Holmgren,1,0
MI,Cathy Farrell,4,1
MI,Christiane Evaskis-Garrett,2,0
MI,Cyle Anderson,1,0
MI,Dane Walker,1,0
MI,Danielle Phillip,1,0
MI,Diana Peloquin,2,1
MI,Donna Innes,1,0
MI,Doug Baker,1,0
MI,Elizabeth Goss,2,1
MI,Elizabeth Johnson,1,0
MI,Elizabeth Webster,1,0
MI,Ellen Burgett,1,0
MI,Emily Milan,4,3
MI,Erik Siwak,1,0
MI,Evan Beals,1,0
MI,Gemma Kaneko,1,0
MI,Greg Seroka,1,0
MI,Jason Zbanek,1,0
MI,Jen Fiero,3,2
MI,John Schultz,8,6
MI,Kathleen Kosman,2,1
MI,Katie Wroblewski,2,1
MI,Kevin Bohannon,1,0
MI,Lindsay Townes,1,1
MI,Mary Alice Korth,1,0
MI,MaryBeth Chmielewski,1,0
MI,Michelle Chick,1,0
MI,Nan Bauer,4,4
MI,Nate Burgan,1,0
MI,Nathan Flynn,2,2
MI,Nick Wawrykow,1,1
MI,Noah Link,1,0
MI,Pamela Stewart,1,0
MI,Rachel Snyder,1,0
MI,Randi Rae Arnold,1,0
MI,Rebecca Golden,1,0
MI,Rebecca McNitt,1,0
MI,Sally Hatfield,1,0
MI,Sandie Baker,9,8
MI,Sara Feeney,1,0
MI,Sara Goodman,2,0
MI,Sara Quashnie,1,0
MI,Sarah McNitt,1,1
MI,Shriya Yarlagadda,2,0
MI,Stephanie Jass,1,0
MI,Susannah Nichols,2,1
MI,Theresa Tejada,2,1
MN,Alana Norton,1,0
MN,Alyssa Mondelli,1,0
MN,Anna Lawrence,1,1
MN,Bryan Coyle,1,0
MN,Cam Hoang,1,0
MN,Christie Burke,1,0
MN,Drew Horwood,1,0
MN,Erik Johnson,1,0
MN,Erin Rhode,1,0
MN,Jessica Plagens,1,0
MN,Joe Morse,2,1
MN,Joe Mulder,1,0
MN,Joel Stjernholm,1,0
MN,Katrina Mundinger,3,2
MN,Krista Denn,1,0
MN,Lindsey Ziegler,1,0
MN,Pete Gittens,1,0
MN,Peter Buchholz,2,1
MN,Rebecca Smith,1,0
MN,Rob Worman,7,6
MN,Ryan Vesledahl,1,0
MN,Sam Kavanaugh,6,5
MN,Sarah Norris,1,1
MN,Ted Johnson,1,0
MN,Zach Heinen,1,0
MO,Adam Elkana-Hale,5,3
MO,Adam Hoskins,3,2
MO,Alan Florendo,1,0
MO,Alex Tran,1,0
MO,Alyson Lamble,1,0
MO,Aric Wiest,1,1
MO,Autumn Shelton,2,1
MO,Autumn Swinford,1,1
MO,Becky Sullivan,1,0
MO,Brandey Chandler,1,0
MO,Chris Wonderly,3,2
MO,Chrissy Bellizzi,1,0
MO,Dava-Leigh Brush,4,3
MO,Dawn Volmert,1,0
MO,Doug Butler,1,0
MO,Eileen Dreyer,1,0
MO,Ellen Plitt,1,0
MO,Erin Williams,1,0
MO,Heather Heffner,1,0
MO,Jennie Crabbe,1,0
MO,Jim Royal,1,0
MO,Kent Buxton,1,0
MO,Kyle Baum,1,0
MO,Larry Martin,4,4
MO,Lesley Cooksey,1,0
MO,Leslye Laderman,1,1
MO,Liz Kuster,1,0
MO,Mark Johnson,2,0
MO,Mary Grace Buckley,1,0
MO,Mary Twellman,1,0
MO,Megan Beesley,1,0
MO,Rachel Pepe,1,0
MO,Sabrina Fritz,1,0
MO,Shadi Peterman,3,2
MO,Shea Zellweger,1,0
MO,Stephanie Hull,1,0
MO,Tina Uihlein,1,0
MO,Tom Kavanaugh,1,0
MO,Will Gilbert,1,0
MS,Colby Taylor,2,1
MS,Dan Marsh,1,0
MS,Jenny Wrigley,2,2
MS,Karen Bascom Lambiotte,1,0
MS,Kelly Griffin,2,1
MS,Marilyn Rose,1,0
MT,Bridget Sullivan,1,0
NC,Adam Barrow,1,0
NC,Amy Williamson,1,0
NC,Ann Marie Senter,1,0
NC,Beth Masterson,1,0
NC,Bianca Howard,1,0
NC,Bob Kochersberger,1,0
NC,Brook North,1,0
NC,Candice Torres,1,0
NC,Catherine Hardee,7,6
NC,Charles Brower,2,1
NC,Courtney Cissel,1,0
NC,Debra Walsh,1,1
NC,Dino Alexander,1,0
NC,Dylan Hamilton,3,2
NC,Elizabeth Troyer,1,1
NC,Emily Poole,1,1
NC,Eric Dravland,1,0
NC,Eric Grebing,1,0
NC,Ezgi Ustundag,1,1
NC,Hunter Appler,7,7
NC,Jack Barry,1,0
NC,Jeff Catanese,1,0
NC,Jim Lebbos,1,0
NC,Joe Friedman,1,0
NC,Josh Hager,3,2
NC,Julie Bradlow,1,0
NC,Justin Moody,1,0
NC,Katie Walker,2,1
NC,Keith Whitener,1,1
NC,Kris Voss,1,0
NC,Kyle Murphy,1,0
NC,Lee Quinn,3,2
NC,Manisha Parekh,1,0
NC,Margaret Miles,2,1
NC,Meike Olin,1,0
NC,Melissa Dean,1,0
NC,Rachel Moyer,2,0
NC,Ramona Bartos,1,0
NC,Rebecca Speas,1,0
NC,Robin Devereux,1,0
NC,Rohan Kapileshwari,2,0
NC,Sam Gale,1,0
NC,Sam Suarez,1,0
NC,Sara Butner,2,1
NC,Shannon Dillmore,3,2
NC,Sophie Carrell,1,0
NC,Stephanie Cornelison,1,1
NC,Susan Shikany,1,0
NC,Teagan O'Sullivan,2,1
NC,Terry McElhennon,3,2
NC,Tom Imler,1,0
NC,Toni Johnson,1,0
NC,Ziad Ali,2,1
ND,Sarah Favorite,1,0
NE,Alex Hotovy,1,0
NE,Austin Yates,1,0
NE,Ben Henry-Moreland,1,0
NE,Byron Merrill,1,0
NE,Catherine Biba,1,0
NE,Chris Grinvalds,1,0
NE,Cindy Garner,1,0
NE,Dylan Gaillard,1,0
NE,Eric Westra,1,0
NE,Greg Vinton,1,0
NE,Jill Hurtt,1,0
NE,John Carlson,1,0
NE,Justin Morales,1,0
NE,Laura Kelsay,3,2
NE,Natalie Lips,4,3
NE,Nick Lemek,1,0
NH,Ian Flynn,1,0
NH,Kerry Greene,11,8
NH,Lily Foss,1,0
NJ,Aaron Benor,1,1
NJ,Alex Schindele,1,0
NJ,Alvin Chin,2,1
NJ,Andrew Clyne,1,0
NJ,Ben Zimmer,1,0
NJ,Brad Stylman,1,0
NJ,Charlene Lee,2,0
NJ,Christian Maher,1,0
NJ,Christie O'Shaughnessy,2,1
NJ,Christine O'Donnell,1,0
NJ,Cristina Somolinos,1,0
NJ,Darcy Shapiro,1,0
NJ,Deepa Zavatsky,1,0
NJ,Diana Ascher,1,0
NJ,Diane Esemplare,1,0
NJ,Elissa Burr,1,0
NJ,Elspeth Green,1,0
NJ,Emily LaMonica,2,1
NJ,Gianna Durso-Finley,1,0
NJ,Gilbert Collins,6,5
NJ,Harry Kioko,1,0
NJ,Jason Mangano,1,0
NJ,Jason Sterlacci,5,5
NJ,Jonathan Lau,1,0
NJ,Kathy Haas,1,0
NJ,Kian Barry,1,0
NJ,Kristin Robbins,3,2
NJ,Kristina Witzling,1,0
NJ,Mackenzie Vogt,2,1
NJ,Michele Consoli,1,0
NJ,Monica Couch,1,0
NJ,Pam Mueller,3,1
NJ,Phil Kohn,1,0
NJ,Playing the Final Jeopardy! Round: David Madden,1,1
NJ,Rachel Schemmel,1,0
NJ,Rebecca Rosenthal,2,1
NJ,Rhea Sinha,1,0
NJ,Shawn Adler,1,0
NJ,Stephanie Hunt,1,0
NJ,Tim Lane,1,0
NJ,Travis Miscia,1,0
NJ,Vijay Balse,1,0
NJ,Vince Balzano,1,0
NJ,Yi Deng,1,0
NM,Chris Sánchez,1,0
NM,Gail Ansheles,2,1
NM,Jason Zuffranieri,6,6
NM,Mary Fellman,1,0
NM,Maryanne Mowen,1,0
NM,Quin Lewellen,1,1
NM,Ryan Kious,1,0
NM,Wren Allen,1,0
NV,Erin Summers,1,0
NV,Frederick Foster,1,0
NV,Gabby McGregor,1,0
NV,Holly Cooper,1,0
NV,James Holzhauer,31,30
NV,Jody Jabbora,2,1
NV,Katie Champagne,1,0
NV,Kynan Dias,1,0
NV,Robin Heck,1,0
NV,Torrey Livenick,1,0
NY,Abigail Myers,3,2
NY,Adam Vesterholt,2,1
NY,Addison Godel,2,1
NY,Adrienne Onofri,1,1
NY,Alex Lopinto,1,0
NY,Alice Pelletier,1,0
NY,Alison Burke,1,1
NY,Amanda Miller,1,0
NY,Amber Garrett,1,0
NY,Amelia Hershberger,4,3
NY,Andrew Harris,1,0
NY,Angela Chuang,1,0
NY,Anton Deljaj,1,0
NY,Ashley O'Mara,1,0
NY,Audrey Watkins-Fox,3,2
NY,Austin Rogers,18,14
NY,Becky Schiavo,1,0
NY,Ben Cosman,1,0
NY,Beth Dunn,1,0
NY,Bonnie Harris,1,0
NY,Brad Shumel,1,0
NY,Brendon Stanton,1,1
NY,Brigid Hannahoe,1,0
NY,Bryn Keating,1,0
NY,Bunny Miller,1,0
NY,Carlos Capellan,1,0
NY,Carolyn Walsh,1,1
NY,Casey Amspacher,1,0
NY,Cerulean Ozarow,1,1
NY,Charlie Olsky,1,0
NY,Chelsea Feltman,1,0
NY,Chelsea Hill,1,0
NY,Chloë Zung,1,0
NY,Chris Gunter,1,0
NY,Chris Hurt,2,1
NY,Chris Williams,1,0
NY,Cody Landis,1,0
NY,Colin Thibadeau,1,0
NY,Colin West,1,0
NY,Conor Quinn,4,3
NY,Courtney Jordan,1,0
NY,Dan Lee,1,0
NY,Dan Pawson,2,2
NY,David Moo,1,0
NY,David Rosen,1,0
NY,Demi Hueth,1,0
NY,Dennis Golin,3,2
NY,Doug Dworkin,1,0
NY,E.J. Wolborsky,2,2
NY,Ed Cardoni,1,0
NY,Edgar Castillo,1,0
NY,Eliza Thompson,1,0
NY,Elizabeth Connor,1,0
NY,Ellie Jostad,1,0
NY,Elliot Yates,6,4
NY,Emily Bialowas,1,0
NY,Emily Brown,1,0
NY,Emily Perez,1,0
NY,Emily Wilson,1,0
NY,Eric Doctor,1,0
NY,Eric Matheis,1,0
NY,Erica Rosengart,1,0
NY,Erich Johnson,1,0
NY,Erin McLaughlin,3,0
NY,Francois Barcomb,4,3
NY,Greg Chin,3,2
NY,Harold Leff,1,0
NY,Hilary Hinzmann,1,0
NY,Irv Murray,2,0
NY,Jack Dickey,3,2
NY,James Rodrigues,2,1
NY,Jan Schwartzberg,1,0
NY,Jay O'Brien,1,0
NY,Jeff Crosby,3,3
NY,Jeffrey Schwarz,4,3
NY,Jennifer Chang,2,0
NY,Jennifer Morgan,1,0
NY,Jennifer Morrow,3,2
NY,Jenny Rhodes,2,1
NY,Jeremy Fassler,1,0
NY,Jeremy Reff,1,0
NY,Jesse Yu,1,0
NY,Jessica Guard,1,0
NY,Jill Locascio,1,0
NY,Joanne Huether,1,0
NY,Joe Di Dio,1,0
NY,Joe Gaspard,1,0
NY,Joe Nguyen,4,3
NY,Joe Taglic,2,1
NY,John Bozek,1,0
NY,John Giambrone,2,1
NY,Jon Beebe,1,0
NY,Jon Lubin,2,1
NY,Jordan Garroway,1,0
NY,Josh McIlvain,1,0
NY,Josh Vittor,1,0
NY,Joshua Wennrich,1,0
NY,Julia Kite,1,0
NY,Julia Lawrence,1,0
NY,Justin Torello,1,0
NY,Justin Vossler,8,6
NY,Karen Ash,3,2
NY,Karen Lazar,1,0
NY,Kat Long,1,0
NY,Kate Fink,1,0
NY,Kate Gran,1,1
NY,Kate Kelly,1,0
NY,Kate Logan,1,0
NY,Katherine Pisarro-Grant,1,0
NY,Katie Lombardo,1,0
NY,Katy Rosati,1,0
NY,Ken Fischer,1,0
NY,Kevin Foley,2,1
NY,Kiersten Brown,1,0
NY,Kim Rohrer,1,0
NY,Kristen Bancroft,1,0
NY,Kristin Szuhany,1,0
NY,Larry Coben,1,0
NY,Laura Gallo,2,2
NY,Laura Mogul,1,0
NY,Lauren Gambier,1,0
NY,Lauren Stripling,1,0
NY,Lexie Gagliardi,1,0
NY,Lisa McAndrews,1,0
NY,Liz Bass,1,0
NY,Lucia Geng,2,0
NY,Luke Devlin,1,0
NY,Maggie Lehrman,1,0
NY,Marcus Lewis,2,1
NY,Maria Wenglinsky,1,0
NY,Mark Blankenship,1,0
NY,Mary Kalemkerian,1,0
NY,Mary Suárez,1,0
NY,Matt Egbert,1,0
NY,Matt Lisiecki,3,2
NY,Megan Williams,1,0
NY,Michael Baker,2,1
NY,Mike Solano,1,0
NY,Milton John,2,0
NY,Mindy Miner,1,1
NY,Nabila Yusaf,1,0
NY,Nate Scheffey,1,0
NY,Nikki Grillos,3,2
NY,Olev Jaakson,1,0
NY,P.J. Molski,1,0
NY,Patrick Healy,2,0
NY,Phil Salathé,2,1
NY,Rachel Fabi,2,1
NY,Rachel Lin,1,0
NY,Rachel Niegelberg,2,1
NY,Ragavan Ramsubramani,4,3
NY,Rahul Jain,1,0
NY,Rebecca Glass,1,1
NY,Rebecca Press Schwartz,1,0
NY,Rebecca Rider,1,0
NY,Rena Traube,1,0
NY,Rich Blashka,2,1
NY,Ricky Hudson,2,1
NY,Rob Liguori,5,4
NY,Robyn Stone,1,0
NY,Roger Craig,5,4
NY,Rosie Jonker,1,0
NY,Sam Corbett,1,0
NY,Samm Chiszar,1,0
NY,Sara Nies,1,0
NY,Sarah Horvitz,1,0
NY,Sarah Thompson,2,1
NY,Sari Laufer,1,0
NY,Saurabh Kapadia,1,0
NY,Scott Bateman,2,0
NY,Scott Blish,1,0
NY,Sharon Stern Gerstman,1,0
NY,Shawn Choe,3,2
NY,Sheldon Lewis II,1,0
NY,Sherri Cohen,1,0
NY,Shloka Ananthanarayanan,1,0
NY,Shu-Ping Shen,1,1
NY,Shyamlee Patel,2,2
NY,Stephanie Stein,1,0
NY,Stew Latwin,3,2
NY,Suzanne Koppelman,4,3
NY,Suzie Newman,1,0
NY,Tal Kedem,1,0
NY,Tara Whittle,1,0
NY,Terri Pous,4,2
NY,Todd Gonzalez,1,0
NY,Todd McCafferty,1,0
NY,Tom Blake,2,1
NY,Tom Flynn,1,0
NY,Tommy Fagin,1,0
NY,Trevor Moore,1,0
NY,Tyler Johnson,1,0
NY,Vaishali Shetty,1,0
NY,Vicki Eastus,1,1
NY,Vinay Kadiyala,1,0
NY,Wilbur Farley,1,0
NY,William Benson,1,1
NY,Winston Nguyen,1,1
NY,Yoey Sacks,1,0
NY,Zoey Orol,2,1
OH,Alex Maggio,4,3
OH,Alison Carey,1,0
OH,Alison Meermans,3,2
OH,Amanda Graver,1,1
OH,Amy Hollis,1,0
OH,Andrew Pau,10,7
OH,Arthur Chu,12,9
OH,Bill Albertini,3,2
OH,Charlie Geer,1,0
OH,Christina Bussmann,1,1
OH,Colin O’Bannon,1,0
OH,David Emery-Peck,1,0
OH,Deb Williams,1,0
OH,Deborah Elliott,5,3
OH,Deborah Henry,1,0
OH,Derek Arnold,1,0
OH,Devin Baker,1,0
OH,Emily Bingham,1,1
OH,Emily DeArdo,1,0
OH,Emmett Robinson,2,2
OH,Eric Eifrig,1,0
OH,Eric Felkey,1,0
OH,Erin Saelzler,1,0
OH,Jasmine Wheeler,1,0
OH,Jeff Spiess,1,0
OH,Jeff Versteeg,1,0
OH,Jennifer Healy,2,1
OH,Jenny Orr,1,0
OH,Jesse Henning,1,0
OH,Jessica Fox,1,0
OH,John Presloid,5,4
OH,Jonathan Kuehnle,1,1
OH,Justin Nigro,2,1
OH,Ken Hirsh,2,1
OH,Kurt Fritzsche,2,1
OH,Laura Kohlenberg,1,0
OH,Lisa Cech,1,0
OH,Lisa Price,1,0
OH,Madeline Wilson,1,0
OH,Marilyn Maher,2,1
OH,Mark Smith,1,0
OH,Maryann Penzvalto,3,2
OH,Matt Kish,2,1
OH,Meral Cultu,1,0
OH,Mike Drummond,2,2
OH,Nikki Airi,1,0
OH,Nora Morrison,1,0
OH,Nora Rowaily,2,1
OH,Olivia Woods,1,0
OH,Patricia Kelvin,1,1
OH,Pranjal Vachaspati,7,6
OH,Rod Swain,1,0
OH,Rohit Kataria,1,0
OH,Sam McLinn,2,1
OH,Sarah Waldsmith,1,0
OH,Saralee Etter,2,1
OH,Stephanie Schlatter,3,2
OH,Steven Oppenheim,2,2
OH,Swapna Sathe,1,0
OH,Tim Aten,10,7
OH,Todd LaPlace,1,0
OH,Tony Knechtges,1,0
OH,Valerie Braun,1,0
OK,Amanda Watson,1,0
OK,Brandon Barnes,1,0
OK,Chris Lastrapes,1,0
OK,Connie Rudd,1,0
OK,Jeff Brown,1,0
OK,John Henning Schumann,1,0
OK,Joshua Brakhage,2,1
OK,Karla Nickels,1,1
OK,Katie Carter,1,0
OK,Kelly Bayles,4,3
OK,Kevin Butterfield,1,0
OK,Sam Scovill,4,3
OK,Thatcher Chonka,2,0
OK,Tiffany Brooks,1,0
OK,Tim Edwards,1,0
OK,Travis Darling,1,1
OK,Tyler Johnson,1,0
OK,Whitney Thompson,1,1
OR,Ali Palmer,3,2
OR,Amy Young,1,0
OR,Anthony Szabo,1,0
OR,Avi Gupta,4,4
OR,Bif Reiser,4,3
OR,Bob Julian,1,0
OR,Brian Carrick,1,0
OR,Brian Panulla,1,0
OR,Chelan Allen,1,0
OR,Chuck Dunn,2,1
OR,Deborah Ellis,1,0
OR,Gina Shaddox,2,1
OR,Hannah Gage,1,0
OR,J Cheema,2,1
OR,Jack Rice,2,1
OR,Joann Taylor,1,0
OR,Matt Stikker,1,0
OR,Miranda Prince,1,0
OR,Natalie Ballas,2,1
OR,Nick Lasik,1,0
OR,Nicole Stanley,1,0
OR,Nil Jones,1,0
OR,Rachel Lindgren,6,5
OR,Ricky Young,3,2
OR,Rob Williams,1,0
OR,Scott Montanaro,2,1
OR,Scott Semproni,1,0
OR,Wendy Foster,1,0
PA,Alice Emerson,1,0
PA,Alison Sahner,1,0
PA,Allison Stevens,1,0
PA,Amanda Mough,1,0
PA,Amy Schmidt,1,0
PA,Ariana Mikulski,1,0
PA,Bala Kumar,3,2
PA,Brent Povis,2,1
PA,Bridget McNulty,1,0
PA,Cathy Subick,1,0
PA,Celeste DiNucci,1,0
PA,Chris Frantz,1,0
PA,Chris Gullo,1,0
PA,Chris Tempro,2,1
PA,Christianne Gadd,1,0
PA,Corey Schmalzle,1,0
PA,Dave Leffler,5,4
PA,Dave Mattingly,3,2
PA,Diana Zinser,1,1
PA,Dorcas Alexander,1,0
PA,Dylan Parson,4,4
PA,Eileen Palmer,1,1
PA,Elisa Korb,4,2
PA,Ellen Corrigan,4,3
PA,Ellen Huber,1,0
PA,Emily Frey,4,4
PA,Eric Raygor,1,0
PA,Erin Rettler,1,0
PA,Francesco Caporusso,2,1
PA,Gerry Matatics,1,0
PA,Heather Powell,1,0
PA,Henry Ayoola,2,1
PA,Hila Saxer,1,0
PA,Jane Longacre,1,0
PA,Jason George,3,2
PA,Jay Olman,1,0
PA,Jerry Vinokurov,1,0
PA,Jessica Kiefer,1,0
PA,Jim Coder,1,0
PA,Jim Eckess,1,0
PA,Jim McGinnis,1,0
PA,Jim Yulman,1,0
PA,John Kozempel,1,0
PA,Julia Novakovic,1,0
PA,Julie Bender,1,0
PA,Kate Jay Zweifler,1,0
PA,Kathy Callahan,1,0
PA,Kathy Krebs,1,0
PA,Kimberly Kist,1,0
PA,Kristen Krikorian,1,0
PA,Kyle Webb,4,3
PA,Lara Brenckle Malmont,1,0
PA,Leslie Gordon,1,0
PA,Lindsey Shultz,6,4
PA,Lisa Schlitt,8,7
PA,Liz Fischer,2,1
PA,Liz Quesnelle,2,1
PA,Mariah Minges Klusman,1,0
PA,Marissa Edelman,2,1
PA,Mark Adams,1,0
PA,Martha Holland,1,0
PA,Meghan Phillips,1,0
PA,Meghan Schulz,2,2
PA,Meghan Winch,1,0
PA,Melissa Lake,1,0
PA,Meredith MacVittie,1,1
PA,Michelle Bruck,1,0
PA,Michelle Sheffer,1,0
PA,Nate Pochomis,1,0
PA,Nicholas Bérubé,3,2
PA,Nick Anspach,1,0
PA,Phil Ricciardi,2,1
PA,Rebecca Zoshak,3,1
PA,Rich Coble,1,0
PA,Robin Falco,1,0
PA,Ryan Bilger,5,4
PA,Ryan Pensyl,3,2
PA,Sam Barker,1,0
PA,Sandro Marchegiani,1,0
PA,Sarah Flamini,2,1
PA,Sarah Reisert,1,0
PA,Scott Krzywonos,1,0
PA,Shannon Crock,1,0
PA,Shannon Lee,1,0
PA,Stephanie Engel,2,1
PA,Susan Waller,1,0
PA,Terrie Trebilcock,1,0
PA,Therese Jones,1,0
PA,Tim Giauque,1,0
PA,Titi Ala'ilima,1,0
PA,Val Narehood,1,0
PA,Vivek Srikrishnan,1,0
RI,Choyon Manjrekar,5,3
RI,Jan Brown,1,0
RI,Jonpaul Guinn,1,0
RI,Matthew Price,2,2
RI,Vinnie Chiappini,1,0
SC,Alexandra Whitehill Smith,1,0
SC,Amanda Garrett,1,0
SC,Andrea West,2,1
SC,Ben Ingram,3,2
SC,Bill Cossen,5,4
SC,Brad Wright,1,0
SC,Campbell Warner,3,2
SC,Cheryl Guy,2,1
SC,Debbi Hopkins,2,1
SC,Jesse Darland,1,0
SC,Julie Holzmann,1,0
SC,Julie Hornick,1,0
SC,Ken Hill,1,0
SC,Lisa Rhae Burgess,1,0
SC,Lisette Pringle,1,0
SC,Liz Hutchens,1,0
SC,Michelle Mueckler,1,0
SC,Neil Sondov,1,0
SC,Playing the Jeopardy! Round: Ben Ingram,1,1
SC,Robert Barron,1,0
SC,Ryan Real,1,0
SC,Sonam Shah,1,0
SC,Stephen Byrd,1,1
SD,Brandon Haschke,1,0
SD,Conor McMahon,1,0
SD,Ryan Presler,4,1
TN,Aimee Seligstein,1,0
TN,Apurva Kanneganti,2,1
TN,Becky Warren,1,0
TN,Cindy Summers,1,0
TN,Claire Tuley,1,0
TN,David Gatewood,2,1
TN,Ellie Walsh,1,0
TN,Emily Herndon,3,2
TN,Emily Waltenbaugh,1,0
TN,Ernie Sykes,1,0
TN,Gordon Moffat,2,1
TN,Jace Cochran,1,0
TN,Jake Smith,1,0
TN,Jay Johnson,1,0
TN,Jerome Azbell,2,1
TN,Justin Braddock,1,0
TN,Kelly Winck,1,0
TN,Kyle Becker,5,4
TN,Laura McLean,3,2
TN,Martin Kane,2,1
TN,Matt Farr,1,0
TN,Megan Metcalf,1,0
TN,Molly Lalonde,5,4
TN,Morgan Hanson,1,0
TN,Page Krugman,1,0
TN,Patrick Theobald,1,1
TN,Rishab Jain,3,1
TN,Rob Russell,3,2
TN,Robert Marx,1,0
TN,Samantha Budesa,1,1
TN,Scarlett Sims,2,1
TN,Steve Belding,4,3
TN,Travis Rojakovick,2,1
TN,Victor Quillen,1,1
TX,Alex Navissi,3,2
TX,Alexandra Henkoff,1,0
TX,Alison Maguire-Powell,2,1
TX,Alison Purcell,1,0
TX,Allison Steger,1,0
TX,Amanda Brown,1,0
TX,Amanda McClendon,1,0
TX,Amelia Reinwald,1,0
TX,Amy Servat,1,0
TX,Angela Ward,2,1
TX,Anish Maddipoti,1,0
TX,Anne Cushman,1,0
TX,Ashley Phillips,1,1
TX,Austin Roberts,1,0
TX,Ben Hatch,1,0
TX,Beth Horn,1,0
TX,Bill Burns,1,0
TX,Bing Kao,1,0
TX,Brian Worthington,1,0
TX,Bryan Hlavinka,1,0
TX,Buzz Newberry,1,0
TX,Carrie Delapeña,1,0
TX,Chris Whalen,1,1
TX,Christian Burks,1,0
TX,Cindy Stowell,7,6
TX,Clayton Walker,1,0
TX,Connor Pierce,2,2
TX,Corbin Dill,1,0
TX,Daniel Watkins,1,0
TX,Danielle Stillman-Diederich,1,0
TX,Darren Shea,1,0
TX,David Clemmons,5,4
TX,Deborah Beams,3,2
TX,Desta Kimmel,1,0
TX,E.A. Srere,1,1
TX,Elaine Baker,1,0
TX,Eric Park,1,0
TX,Eric R. Backes,5,4
TX,Gary Yokie,1,0
TX,Gordon Reid,1,0
TX,Graydon Mears,1,0
TX,H.B. Taylor,2,1
TX,Heather Ringman,1,0
TX,Heather Seal-Breslin,1,0
TX,Janna Seals,1,0
TX,Jayanthi Martins,1,0
TX,Jennifer Fuquay,1,0
TX,Jennifer Harris,1,0
TX,Jennifer Hindert,1,0
TX,Jesse Parks,2,0
TX,Jessica Holloway,3,2
TX,Johnny Saunders,2,1
TX,Josh Hamilton,1,0
TX,Joyce Lynch,1,0
TX,Julia Rosinski Bailey,2,0
TX,Julie Graves,1,0
TX,Julie Roth,1,0
TX,Kate Reed Hauenstein,1,0
TX,Kathryn Tesar,1,0
TX,Kellie Packwood,1,0
TX,Kirstin Cutts,5,4
TX,Kris Dages,1,0
TX,LaWanda London,1,0
TX,Lani Gonzalez,4,3
TX,Libby Hunt,1,0
TX,Lincoln Hamilton,1,0
TX,Lindsey Henry,1,0
TX,Lolita Welch,1,0
TX,Luke Hales,1,0
TX,Luke McQuage,1,0
TX,Mark Kelly,1,1
TX,Mary Adolph,1,0
TX,Matt Sokol,1,0
TX,Matt Weldy,1,0
TX,Matthew Martinez,1,0
TX,Megan Clair,1,0
TX,Melissa Hodges,1,0
TX,Michael Rollins,1,0
TX,Mike Ewing,1,0
TX,Mike Lamar,1,1
TX,Mikki Gibson,1,0
TX,Mitch Metcalfe,1,0
TX,Molly Dobbins,1,0
TX,Monikka Mann,1,0
TX,Natalie Kistner,1,1
TX,Pat Berwick,1,0
TX,Patti Youngblood,1,0
TX,Paul Cox,1,0
TX,Rachel Zoch,4,3
TX,Randy Mathews,2,2
TX,Ranjani Sheshadri,1,0
TX,Rex Marzke,1,0
TX,Ron Freshour,1,0
TX,Ross Belsome,1,0
TX,Ryan Mewett,2,1
TX,Samantha Hartke,1,0
TX,Sanjiv Sarwate,1,0
TX,Sarah Fremgen,3,2
TX,Sean Harrington,2,1
TX,Seth Wilson,1,0
TX,Sharron Jenkins,1,0
TX,Shelby O'Neill,1,0
TX,Silvia Lesko,1,0
TX,Steve Asiatico,1,0
TX,Tim Hague,1,0
TX,Val Hannon,1,0
TX,Valerie Ryan,1,0
TX,Viraj Mehta,3,2
TX,William Golden,2,2
UT,Anneke Garcia,4,3
UT,Becca Allred,1,0
UT,Betsy Knudson,4,3
UT,Brandon Randall,3,2
UT,Carlos Nobleza Posas,1,0
UT,DeAnn Hale,1,0
UT,Elisabeth Larsen,1,0
UT,Jacob Johnson,2,1
UT,Jenica Jessen,2,1
UT,Lewis Black,1,0
UT,Maren Beazer,1,0
UT,Marjika Howarth,1,0
UT,Steve Mond,4,2
UT,Tim Kutz,5,4
VA,Ali Filipowicz,1,0
VA,Allison Fraser,3,3
VA,Allison Lyttle,1,0
VA,Amanda Basta,1,0
VA,Ashley Alley,1,0
VA,Ashley Wilson,5,3
VA,Barbara Amster,1,0
VA,Becca Arm,1,0
VA,Becky Hammer,1,0
VA,Ben Almoite,1,0
VA,Ben Hemmens,3,2
VA,Ben Hom,1,1
VA,Blair Moorhead,2,1
VA,Brian Roberts,1,0
VA,Cade Varnado,1,0
VA,Carolyn Riegle,1,0
VA,Charlie Santiuste,1,0
VA,Chris Giglio,2,1
VA,Chris Wong,1,0
VA,Colin O'Grady,2,1
VA,Conor Lastowka,1,0
VA,Courtney  Corcoran,1,0
VA,Craig Tollin,2,1
VA,Damien Shirley,1,0
VA,Dan Eling,1,0
VA,Dan Rothfarb,1,0
VA,Dana Desprois,1,0
VA,Darren O'Connor,2,1
VA,David Rigsby,2,1
VA,Derek Anderson,1,1
VA,Dhruv Srinivasachar,2,1
VA,Doug Hartman,2,1
VA,Douglas Beeler,1,0
VA,Eduardo Sevilla,2,1
VA,Elaine Wilson,2,2
VA,Ellen Clark,1,0
VA,Elsa Angrist,1,0
VA,Eric Hack,2,1
VA,Eric Swanson,1,0
VA,Heather Hurley,1,0
VA,Jay Singleton,1,0
VA,Jeanne Roper,1,0
VA,Jen Simons,1,0
VA,Jen Sosnowski,2,1
VA,Jenny Gibbs,1,0
VA,John Avila,5,3
VA,Jordan Goodson,2,0
VA,Justin Broughman,1,0
VA,Justin Lucas,1,0
VA,Kate Cox,1,1
VA,Katie Oliver,1,0
VA,Kelly Sullivan,1,0
VA,Kelsey Morgan,1,1
VA,Kevin Paquette,1,0
VA,Laura Miller,1,0
VA,Liz Howard,1,0
VA,Maggie Byrd,1,0
VA,Maresha Mead,1,0
VA,Mark Lowenthal,1,0
VA,Mary Kate Moriarty,1,0
VA,Matthew LaMagna,3,2
VA,Megan Mills,1,0
VA,Megan Selva,1,0
VA,Molly Thacker,1,0
VA,Nancy Akerman,3,2
VA,Nathan Tsoi,1,0
VA,Nicole Throckmorton,2,0
VA,Nikhil Neelakantan,1,0
VA,Norm Burnosky,1,0
VA,Paige Ormiston,2,1
VA,Pasha Paterson,1,0
VA,Pat McNamee,2,1
VA,Phil Arevalo,2,1
VA,Philip Clark,1,0
VA,Rena Morse,2,1
VA,Ricardo Pineres,1,0
VA,Roberta Chapman,1,0
VA,Roey Hadar,2,2
VA,Ross Merriam,1,0
VA,Ruth Payne,1,0
VA,Ryan Alley,4,4
VA,Sarah Edwards,1,0
VA,Scott Simpson,1,0
VA,Semret Lemma,1,0
VA,Siddharth Hariharan,4,3
VA,Steve Martinez,1,0
VA,Steven Silverman,1,0
VA,Sue Corbett,1,0
VA,TJ Bateman,2,1
VA,Ted Reinhold,1,0
VA,Terry Hanlon,1,0
VA,Victoria Agrinya,1,0
VT,Dan Chafetz,1,0
VT,Laura Buermann,1,0
WA,Alan Harrison,3,2
WA,Amy King,1,0
WA,Andrea Palmiter,1,0
WA,Andrew Winner,1,0
WA,Andy Greeley,1,1
WA,Angie Rasmussen,1,0
WA,Annie Marggraf,3,3
WA,Audrey Sarin,1,0
WA,Brad Nehring,2,2
WA,Bren Inman,1,0
WA,Carol Radlo,1,0
WA,Christy Karras,2,1
WA,Crista Calderon,1,0
WA,Dave Perkins,1,0
WA,Deirdre Thomas,3,2
WA,Donna Brown,2,1
WA,Eli Rosenberger,2,0
WA,Gavin Borchert,4,3
WA,Indi Ekanayake,1,0
WA,Joan Dietrich,2,1
WA,Joe Rengstorf,2,1
WA,Jonathan Bill,1,0
WA,Josh Archibald-Seiffer,1,0
WA,Ken Jennings,5,4
WA,Kevin Salat,1,0
WA,Krishna Veeraraghavan,1,0
WA,Kristin Philips,1,0
WA,Laura Schulman,1,0
WA,Laurie Corrin,1,1
WA,Leslie Manion,2,1
WA,Libby Wood,1,0
WA,Lily Gebrenegus,1,0
WA,Liz Hedreen,2,1
WA,Malavika Jagannathan,1,0
WA,Manny Abell,4,3
WA,Matthew Amster-Burton,1,0
WA,Melissa Stewart,1,0
WA,Michael Shockley,1,0
WA,Myra Guideng,1,0
WA,Neil Uspal,3,2
WA,Nick Spicher,2,1
WA,Nicole Jarvis,1,0
WA,Nicole Neroulias Gupte,1,0
WA,Olivia Ochoa,1,0
WA,Ryan Fenster,8,7
WA,Sally Neumann,2,1
WA,Sam Heft-Luthy,1,0
WA,Sarah Negugogor,1,0
WA,Seth Birnbaum,1,0
WA,Stephanie Hubley,1,0
WA,Tom Nissley,1,0
WA,Tony Orcutt,1,0
WI,Allison Holley,1,0
WI,Alyssa Abel,1,0
WI,Caitlin Silberman,1,0
WI,Corin Purifoy,1,0
WI,Dave Treptow,1,0
WI,Dennis Lloyd,1,0
WI,Dom Granello,1,0
WI,Dom Tassoni,1,0
WI,Fred Vaughn,4,3
WI,Jack Bekos,1,0
WI,Jenny Thorngate,2,1
WI,Julia Marsan,2,1
WI,Kathryn Kienholz,2,1
WI,Kyle Stephens,1,0
WI,Laura Varriale,1,0
WI,Mark Japinga,2,0
WI,Max Henkel,1,0
WI,Michael Falk,1,0
WI,Michael Jones,1,0
WI,Sara Holub,2,0
WI,Sue Baker,2,1
WI,Todd Coleman,1,0
WV,Cathy Deobler,1,0
WV,Jill Cochran,1,0
WV,Jim-Bob Williams,1,0
WV,Scott Ylinen,4,4
WV,Tyler Morrison,1,0
WY,Dave Rowswell,2,0
WY,Justin Earnshaw,1,0
WY,Pat Greiner,2,1
WY,Regis Michelena,1,0
