job,job_category,job_category_manual,count,detailed review,updated_category,interesting_jobs,final_job_category
10th 11th grade english teacher,grad student,grad student,1,,,,grad student
medical transcriptionist,medical transcriptionist,medical transcriptionist,1,*,misc health,,misc health
medicare appeals coordinator,coordinator,coordinator,1,,,,coordinator
member services counselor,advisor,advisor,1,,,,administration/ advisory
middle school humanities teacher,teacher,teacher,1,,,,teacher
middle school librarian,librarian,librarian,1,,,,librarian
midwife,midwife,midwife,1,*,unemployed,,unemployed
minister,minister,minister,1,*,religious ,,military/ clergy
mother 4,mother 4,mother 4,1,*,unemployed,,unemployed
multiplatform copy editor,multiplatform copy editor,multiplatform copy editor,1,*,editor,,editor
municipal judge,lawyer,lawyer,1,,,,lawyer
museum docent originally,unemployed,unemployed,1,,,,unemployed
music director pianist,musician,musician,1,,,,musician
music historian,musician,musician,1,*,specialist ,,specialist
music librarian,musician,musician,1,*,librarian,,librarian
music minister,musician,musician,1,,,,musician
music producer sound editor,musician,musician,1,,,,musician
musician grad student,musician,musician,1,*,grad student,,grad student
musician licensing executive,musician,musician,1,*,manager,,manager
musicologist,musician,musician,1,*,specialist ,,specialist
nanny originally,unemployed,unemployed,1,,,,unemployed
national guard recruiter,national guard recruiter,national guard recruiter,1,*,miscellaneous,,miscellaneous
naval architect,architect,architect,1,*,engineer,,engineer/ architect
network administrator,network administrator,network administrator,1,*,tech developer,,technician/ programmer
neuroscientist,scientist,scientist,1,,,,scientist/ researcher
news producer originally,unemployed,unemployed,1,,,,unemployed
newspaper editor reporter,reporter,reporter,1,*,writer ,,writer
nonprofit administrator,nonprofit,nonprofit,1,*,admin,,administration/ advisory
medical technologist,medical technologist,medical technologist,1,*,misc health,,misc health
nonprofit co-founder leader originally,unemployed,unemployed,1,,,,unemployed
medical lab scientist,scientist,scientist,1,,,,scientist/ researcher
media consultant,consultant,consultant,1,,,,consultant
linguist language columnist,linguist language columnist,linguist language columnist,1,*,writer ,,writer
literary agent,literary agent,literary agent,1,*,editor,,editor
literature ph.d. student,grad student,grad student,1,,,,grad student
location coordinator,coordinator,coordinator,1,,,,coordinator
logistics coordinator,coordinator,coordinator,1,,,,coordinator
m.b.a. candidate originally,unemployed,unemployed,1,,,,unemployed
m.d. ph.d. student,grad student,grad student,1,,,,grad student
m.d.-ph.d. student,grad student,grad student,1,,,,grad student
major u.s. marine corps originally,unemployed,unemployed,1,,,,unemployed
manager,manager,manager,1,,,,manager
manager commercial support content,manager,manager,1,,,,manager
manager corporate foundation relations music school,musician,musician,1,,,,musician
manager scientific writing,manager,manager,1,,,,manager
managing editor,managing editor,managing editor,1,*,editor,,editor
market research analyst originally,unemployed,unemployed,1,,,,unemployed
market research director,director,director,1,,,,director
market research intelligence senior coordinator,coordinator,coordinator,1,,,,coordinator
market researcher,scientist,scientist,1,,,,scientist/ researcher
marketing content manager,manager,manager,1,,,,manager
marketing executive,manager,manager,1,,,,manager
marketing project manager,manager,manager,1,,,,manager
marketing strategist,marketing strategist,marketing strategist,1,*,marketing,,marketing
massage therapist,massage therapist,massage therapist,1,*,service industry,,assistant/ service industry
math instructor,teacher,teacher,1,,,,teacher
math student,student,student,1,,,,student
mba student,student,student,1,,,,student
mechanical design engineer,engineer,engineer,1,,,,engineer/ architect
media strategist,media strategist,media strategist,1,*,marketing,,marketing
nonprofit communications consultant,nonprofit,nonprofit,1,*,consultant,,consultant
nonprofit communications professional,nonprofit,nonprofit,1,*,specialist ,,specialist
nonprofit consultant,nonprofit,nonprofit,1,*,consultant,,consultant
ph. d. student computer science,student,student,1,*,grad student,,grad student
ph.d student,grad student,grad student,1,,,,grad student
ph.d. candidate adjunct professor,grad student,grad student,1,,,,grad student
ph.d. candidate epidemiology,grad student,grad student,1,,,,grad student
ph.d. candidate teaching associate,grad student,grad student,1,,,,grad student
ph.d. student experimental pathology,grad student,grad student,1,,,,grad student
ph.d. student football analyst,grad student,grad student,1,,,,grad student
pharmaceutical medical director,director,director,1,,,,director
pharmaceutical research associate,scientist,scientist,1,,,,scientist/ researcher
phd student,student,student,1,*,grad student,,grad student
philanthropic advisor,advisor,advisor,1,,,,administration/ advisory
physicist,physicist,physicist,1,*,scientist,,scientist/ researcher
physics instructor,teacher,teacher,1,,,,teacher
pilot,pilot,pilot,1,*,transportation,,specialist
playwright,playwright,playwright,1,*,artist/designer,,actor/artist/designer
podcast host,podcast host,podcast host,1,*,artist/designer,,actor/artist/designer
poet,poet,poet,1,*,artist/designer,,actor/artist/designer
policy research director,director,director,1,,,,director
political science student originally,unemployed,unemployed,1,,,,unemployed
pool room owner,pool room owner,pool room owner,1,*,business owner,,accounting/ business/ finance
pool spa maintenance contractor,pool spa maintenance contractor,pool spa maintenance contractor,1,*,laborer,,laborer
portable restroom service technician,technician,technician,1,,,,technician/ programmer
portfolio manager,manager,manager,1,,,,manager
post-graduate student,grad student,grad student,1,,,,grad student
postdoctoral researcher,doctor,doctor,1,,,,scientist/ researcher
power engineer,engineer,engineer,1,,,,engineer/ architect
pr content manager,manager,manager,1,,,,manager
personal trainer,personal trainer,personal trainer,1,*,teacher,,teacher
personal assistant,personal assistant,personal assistant,1,*,assistant,,assistant/ service industry
pathologist,pathologist,pathologist,1,*,specialist ,,specialist
pastry chef,chef,chef,1,*,miscellaneous,,miscellaneous
nonprofit finance professional,nonprofit,nonprofit,1,*,finance,,accounting/ business/ finance
nonprofit fundraising operations manager,nonprofit,nonprofit,1,*,manager,,manager
nonprofit manager,nonprofit,nonprofit,1,*,manager,,manager
nonprofit strategist,nonprofit,nonprofit,1,*,specialist ,,specialist
nonprofit writer editor,nonprofit,nonprofit,1,*,editor,,editor
novelist teacher,teacher,teacher,1,,,,teacher
nuclear power plant inspector,nuclear power plant inspector,nuclear power plant inspector,1,*,miscellaneous,,miscellaneous
nurse,nurse,nurse,1,,,,misc healthcare
nurse practitioner,nurse,nurse,1,,,,misc healthcare
nurse residency program manager originally,unemployed,unemployed,1,,,,unemployed
ob/gyn,ob/gyn,ob/gyn,1,*,doctor,,physician
ob/gyn doctor,doctor,doctor,1,,,,physician
office associate,office associate,office associate,1,*,miscellaneous,,miscellaneous
lighting designer,artist/designer,artist/designer,1,,,,actor/artist/designer
office supply sales assistant,office supply sales assistant,office supply sales assistant,1,*,assistant,,assistant/ service industry
online e.s.l. teacher,teacher,teacher,1,,,,teacher
online sales director,director,director,1,,,,director
opera singer actor,opera singer actor,opera singer actor,1,*,artist/designer,,actor/artist/designer
operations administrator,operations administrator,operations administrator,1,*,admin,,administration/ advisory
operations engineer,engineer,engineer,1,,,,engineer/ architect
operations logistics manager,manager,manager,1,,,,manager
operations specialist,specialist,specialist,1,,,,specialist
organic farmer,organic farmer,organic farmer,1,*,laborer,,laborer
orthodox rabbinical student,student,student,1,,,,student
owner drug dna testing laboratory,owner drug dna testing laboratory,owner drug dna testing laboratory,1,*,business owner,,accounting/ business/ finance
packaging engineer,engineer,engineer,1,,,,engineer/ architect
paint sales assistant manager,manager,manager,1,,,,manager
part-time mechanical engineer full-time mom,artist/designer,artist/designer,1,,,,actor/artist/designer
on-call office administrator,on-call office administrator,on-call office administrator,1,*,admin,,administration/ advisory
principal,principal,principal,1,,,,misc education
license director,director,director,1,,,,director
library worker,librarian,librarian,1,,,,librarian
high school history teacher coach,misc education,misc education,1,*,teacher,,teacher
high school language arts teacher,misc education,misc education,1,*,teacher,,teacher
high school librarian,misc education,misc education,1,*,librarian,,librarian
high school math physics teacher,misc education,misc education,1,*,teacher,,teacher
high school math teacher,misc education,misc education,1,*,teacher,,teacher
high school math teacher originally,unemployed,unemployed,1,,,,unemployed
high school physics teacher,misc education,misc education,1,*,teacher,,teacher
high school social studies teacher,misc education,misc education,1,*,teacher,,teacher
high school world history u.s. government teacher,misc government,misc government,1,*,teacher,,teacher
historic preservation administrator,historic preservation administrator,historic preservation administrator,1,*,admin,,administration/ advisory
historical interpreter,historical interpreter,historical interpreter,1,*,specialist ,,specialist
history economics teacher,teacher,teacher,1,,,,teacher
history educator,teacher,teacher,1,,,,teacher
history instructor,teacher,teacher,1,,,,teacher
history podcaster writer,writer,writer,1,,,,writer
history student,student,student,1,,,,student
home family manager,manager,manager,1,,,,manager
home health aide,misc health,misc health,1,,,,misc health
home health caregiver,misc health,misc health,1,,,,misc health
homemaker home-schooling mom,mom,mom,1,*,unemployed,,unemployed
homeschool educator,teacher,teacher,1,,,,teacher
homeschool mom,mom,mom,1,*,unemployed,,unemployed
hospice physician,hospice physician,hospice physician,1,*,doctor,,physician
housekeeper freelance copy editor,housekeeper freelance copy editor,housekeeper freelance copy editor,1,*,editor,,editor
human resources director,director,director,1,,,,director
human resources manager,manager,manager,1,,,,manager
human rights officer,human rights officer,human rights officer,1,*,misc government,,misc government
high school history economics teacher,misc education,misc education,1,*,teacher,,teacher
humanities professor,professor,professor,1,,,,professor
high school government social studies teacher,misc government,misc government,1,*,teacher,,teacher
high school english teacher coach,misc education,misc education,1,*,teacher,,teacher
graduate student social work,grad student,grad student,1,,,,grad student
graduate student teacher,grad student,grad student,1,,,,grad student
grants development manager,manager,manager,1,,,,manager
grants manager,manager,manager,1,,,,manager
graphic artist,artist/designer,artist/designer,1,,,,actor/artist/designer
graphic design student,student,student,1,,,,student
graphic designer editor,artist/designer,artist/designer,1,,,,actor/artist/designer
graphic designer illustrator,artist/designer,artist/designer,1,,,,actor/artist/designer
graphic designer teacher,artist/designer,artist/designer,1,,,,actor/artist/designer
grocery clerk,grocery clerk,grocery clerk,1,*,service industry,,assistant/ service industry
h.r. consultant,consultant,consultant,1,,,,consultant
handywoman gardener,handywoman gardener,handywoman gardener,1,*,laborer,,laborer
hardware store manager,manager,manager,1,,,,manager
head operations venture capital firm,head operations venture capital firm,head operations venture capital firm,1,*,director,,director
health aide,misc health,misc health,1,,,,misc health
health benefits advisor,misc health,misc health,1,,,,misc health
health care subject matter expert,misc health,misc health,1,,,,misc health
health safety professional,misc health,misc health,1,,,,misc health
healthcare consultant,misc health,misc health,1,,,,misc health
healthcare consultant originally,unemployed,unemployed,1,,,,unemployed
high school administrator,misc education,misc education,1,,,,misc education
high school ap language teacher,misc education,misc education,1,*,teacher,,teacher
high school assistant principal,misc education,misc education,1,,,,misc education
high school athletic director,misc education,misc education,1,,,,misc education
high school biology teacher,misc education,misc education,1,*,teacher,,teacher
high school campus director,misc education,misc education,1,,,,misc education
high school english film studies teacher,misc education,misc education,1,*,teacher,,teacher
high school esl teacher,misc education,misc education,1,*,teacher,,teacher
i.t. applications director,director,director,1,,,,director
i.t. manager,manager,manager,1,,,,manager
i.t. manager originally,unemployed,unemployed,1,,,,unemployed
junior project manager,manager,manager,1,,,,manager
junior united states military academy,student,student,1,,,,student
junior university oklahoma,student,student,1,,,,student
junior university virginia,student,student,1,,,,student
yoga teacher fitness instructor,teacher,teacher,1,,,,teacher
kitchen manager,manager,manager,1,,,,manager
lab tech,technician,technician,1,,,,technician/ programmer
lab technician,technician,technician,1,,,,technician/ programmer
labor relations analyst,analyst,analyst,1,,,,analyst
laborer,laborer,laborer,1,,,,laborer
latent print examiner originally,unemployed,unemployed,1,,,,unemployed
latin teacher,teacher,teacher,1,,,,teacher
law librarian,librarian,librarian,1,,,,librarian
law library resource center director,director,director,1,,,,director
law school career counselor,advisor,advisor,1,,,,administration/ advisory
law school professor administrator,professor,professor,1,,,,professor
lawyer legal recruiter,lawyer,lawyer,1,,,,lawyer
learning architect,architect,architect,1,*,misc education,,misc education
learning development consultant originally,unemployed,unemployed,1,,,,unemployed
legal assistant originally,unemployed,unemployed,1,,,,unemployed
legal consultant,consultant,consultant,1,,,,consultant
legal secretary,legal secretary,legal secretary,1,*,assistant,,assistant/ service industry
library archives assistant,librarian,librarian,1,,,,librarian
library circulation clerk,librarian,librarian,1,,,,librarian
library media center technician,technician,technician,1,,,,technician/ programmer
library science graduate student,grad student,grad student,1,,,,grad student
library volunteer coordinator,volunteer,volunteer,1,,,,miscellaneous
junior high school math teacher,misc education,misc education,1,*,teacher,,teacher
junior furman university,student,student,1,,,,student
journalist documentary producer,journalist,journalist,1,*,writer ,,writer
journalist comic originally,unemployed,unemployed,1,,,,unemployed
i.t. project manager,manager,manager,1,,,,manager
i.t. security architect,architect,architect,1,,,,engineer/ architect
i.t. security risk analyst,analyst,analyst,1,,,,analyst
i.t. specialist,specialist,specialist,1,,,,specialist
i.t. support specialist,specialist,specialist,1,,,,specialist
improv actor library worker,librarian,librarian,1,,,,librarian
income tax specialist,misc government,misc government,1,,,,misc government
independent contractor,independent contractor,independent contractor,1,*,laborer,,laborer
independent filmmaker,independent filmmaker,independent filmmaker,1,*,artist/designer,,actor/artist/designer
informal educator,teacher,teacher,1,,,,teacher
information coordinator,coordinator,coordinator,1,,,,coordinator
information manager,manager,manager,1,,,,manager
innovation project manager,manager,manager,1,,,,manager
library youth services associate,librarian,librarian,1,,,,librarian
inside sales engineer originally,unemployed,unemployed,1,,,,unemployed
instructional technology specialist,specialist,specialist,1,,,,specialist
intake coordinator,coordinator,coordinator,1,,,,coordinator
intellectual property attorney,attorney,attorney,1,*,lawyer,,lawyer
intelligence educator,teacher,teacher,1,,,,teacher
intensive english instructor,teacher,teacher,1,,,,teacher
interior architectural design student,student,student,1,,,,student
intern physician,intern physician,intern physician,1,*,doctor,,physician
investigator,investigator,investigator,1,*,miscellaneous,,miscellaneous
investment advisor,advisor,advisor,1,,,,administration/ advisory
irs agent,irs agent,irs agent,1,*,misc government,,misc government
jeweler,jeweler,jeweler,1,*,miscellaneous,,miscellaneous
jewelry store assistant manager,manager,manager,1,,,,manager
job seeker,job seeker,job seeker,1,*,unemployed,,unemployed
instructional designer,artist/designer,artist/designer,1,,,,actor/artist/designer
private events manager,manager,manager,1,,,,manager
pro sports executive,manager,manager,1,,,,manager
product demonstrator,product demonstrator,product demonstrator,1,*,marketing,,marketing
strategic data analyst,analyst,analyst,1,,,,analyst
strategy business development executive,manager,manager,1,,,,manager
strategy card game player writer,writer,writer,1,,,,writer
student cultural engagement coordinator,coordinator,coordinator,1,,,,coordinator
student emergency room scribe,student,student,1,,,,student
student originally,unemployed,unemployed,1,,,,unemployed
student sociology,student,student,1,,,,student
study-abroad advisor originally,unemployed,unemployed,1,,,,unemployed
subrights assistant,subrights assistant,subrights assistant,1,*,assistant,,assistant/ service industry
substitute teacher stay-at-home dad,unemployed,unemployed,1,,,,unemployed
supervisory analyst,analyst,analyst,1,,,,analyst
sustainability specialist,specialist,specialist,1,,,,specialist
system developer,system developer,system developer,1,*,tech developer,,technician/ programmer
systems coordinator,coordinator,coordinator,1,,,,coordinator
table game dealer originally,unemployed,unemployed,1,,,,unemployed
tax accountant,misc government,misc government,1,,,,misc government
tax attorney,misc government,misc government,1,,,,misc government
tax professional,misc government,misc government,1,,,,misc government
taxonomist,misc government,misc government,1,,,,misc government
teacher learning support specialist,specialist,specialist,1,,,,specialist
teacher librarian,librarian,librarian,1,,,,librarian
teacher originally,unemployed,unemployed,1,,,,unemployed
teaching artist,artist/designer,artist/designer,1,,,,actor/artist/designer
tech support retiree,tech support retiree,tech support retiree,1,*,unemployed,,unemployed
technical consultant,consultant,consultant,1,,,,consultant
technical project manager,manager,manager,1,,,,manager
technical service manager,manager,manager,1,,,,manager
strategic communications lead,strategic communications lead,strategic communications lead,1,*,director,,director
technical services associate,technical services associate,technical services associate,1,*,service industry,,assistant/ service industry
strategic communications associate,strategic communications associate,strategic communications associate,1,*,marketing,,marketing
store manager,manager,manager,1,,,,manager
senior risk analyst,student,student,1,*,analyst,,analyst
senior sales manager,manager,manager,1,,,,manager
senior u.s. military academy west point,student,student,1,,,,student
senior university chicago,student,student,1,,,,student
senior university pennsylvania,student,student,1,,,,student
senior vanderbilt university,student,student,1,,,,student
senior wright state university,student,student,1,,,,student
social media producer,social media producer,social media producer,1,*,marketing,,marketing
social media specialist,specialist,specialist,1,,,,specialist
social media web writer,writer,writer,1,,,,writer
software architect,architect,architect,1,*,tech developer,,technician/ programmer
software engineer originally,unemployed,unemployed,1,,,,unemployed
software entrepreneur,entrepreneur,entrepreneur,1,*,business owner,,accounting/ business/ finance
sophomore macalester college,student,student,1,,,,student
sophomore mississippi state university,student,student,1,,,,student
sophomore rochester institute technology,student,student,1,,,,student
sophomore stanford university,student,student,1,,,,student
space policy analyst originally,unemployed,unemployed,1,,,,unemployed
speaker writer,writer,writer,1,,,,writer
special education teacher,teacher,teacher,1,,,,teacher
speech-language pathology graduate student,grad student,grad student,1,,,,grad student
sports information director,director,director,1,,,,director
statistician,statistician,statistician,1,*,mathematician ,,scientist/ researcher
stay-at-home dad bartender,unemployed,unemployed,1,,,,unemployed
stay-at-home mom online adjunct instructor,unemployed,unemployed,1,,,,unemployed
stay-at-home mom originally,unemployed,unemployed,1,,,,unemployed
stock analyst,analyst,analyst,1,,,,analyst
store planner,store planner,store planner,1,*,miscellaneous,,miscellaneous
technical writer editor,writer,writer,1,,,,writer
technical writer manager,manager,manager,1,,,,manager
technical writer stay-at-home dad originally,unemployed,unemployed,1,,,,unemployed
verbal identity consultant,consultant,consultant,1,,,,consultant
veterinary ophthalmologist,veterinary ophthalmologist,veterinary ophthalmologist,1,*,specialist ,,specialist
veterinary technician,technician,technician,1,,,,technician/ programmer
video production specialist,specialist,specialist,1,,,,specialist
violin viola teacher,teacher,teacher,1,,,,teacher
virologist,virologist,virologist,1,*,scientist,,scientist/ researcher
volunteer storyteller,volunteer,volunteer,1,,,,miscellaneous
waste reduction specialist,specialist,specialist,1,,,,specialist
water exercise instructor,teacher,teacher,1,,,,teacher
web product manager,manager,manager,1,,,,manager
web production manager,manager,manager,1,,,,manager
wedding videographer stay-at-home dad,unemployed,unemployed,1,,,,unemployed
wildlife technician,technician,technician,1,,,,technician/ programmer
wine club concierge,wine club concierge,wine club concierge,1,*,service industry,,assistant/ service industry
wine salesman,wine salesman,wine salesman,1,*,salesman,,salesperson
wine spirits distributor,wine spirits distributor,wine spirits distributor,1,*,distributor,,miscellaneous
women's health nurse practitioner,misc health,misc health,1,,,,misc health
worker e-learning company,worker e-learning company,worker e-learning company,1,*,misc education,,misc education
writer director,director,director,1,,,,director
writer mom,mom,mom,1,*,writer ,,writer
writer musician,musician,musician,1,,,,musician
writer producer,writer,writer,1,,,,writer
writer retail clerk,writer,writer,1,,,,writer
writer retail sales associate,writer,writer,1,,,,writer
writer stay-at-home mom,unemployed,unemployed,1,,,,unemployed
writer/editor,writer,writer,1,,,,writer
yarn purveyor,yarn purveyor,yarn purveyor,1,*,miscellaneous,*,miscellaneous
vegan cheesemaker,vegan cheesemaker,vegan cheesemaker,1,*,miscellaneous,*,miscellaneous
valuation analyst,analyst,analyst,1,,,,analyst
user interface designer,artist/designer,artist/designer,1,,,,actor/artist/designer
user experience designer,artist/designer,artist/designer,1,,,,actor/artist/designer
technology director,director,director,1,,,,director
technology strategist,technology strategist,technology strategist,1,*,tech developer,,technician/ programmer
telecommunications technician,technician,technician,1,,,,technician/ programmer
telemetry technician,technician,technician,1,,,,technician/ programmer
tequila tour manager,manager,manager,1,,,,manager
test prep instructor,teacher,teacher,1,,,,teacher
test reader evaluator,test reader evaluator,test reader evaluator,1,*,miscellaneous,,miscellaneous
theater artist,artist/designer,artist/designer,1,,,,actor/artist/designer
theater artist originally,unemployed,unemployed,1,,,,unemployed
theater director,director,director,1,,,,director
theater technician,technician,technician,1,,,,technician/ programmer
theoretical physicist,theoretical physicist,theoretical physicist,1,*,scientist,,scientist/ researcher
therapeutic humorist,therapeutic humorist,therapeutic humorist,1,*,miscellaneous,,miscellaneous
senior research engineer,student,student,1,,,,student
think tank researcher,scientist,scientist,1,,,,scientist/ researcher
traffic engineer,engineer,engineer,1,,,,engineer/ architect
transportation planner,transportation planner,transportation planner,1,*,transportation,,specialist
travel adviser,travel adviser,travel adviser,1,*,specialist ,,specialist
trivia writer,writer,writer,1,,,,writer
trust officer,trust officer,trust officer,1,*,officer,,misc government
tutor musician,musician,musician,1,*,teacher,,teacher
tutor recreation facilitator,tutor recreation facilitator,tutor recreation facilitator,1,*,teacher,,teacher
u.s. air force logistics readiness officer,military officer,military officer,1,,,,military/ clergy
u.s. air force munitions officer originally,unemployed,unemployed,1,,,,unemployed
university communications director,director,director,1,,,,director
university instructor,teacher,teacher,1,,,,teacher
university librarian,librarian,librarian,1,,,,librarian
university registrar,university registrar,university registrar,1,*,misc education,,misc education
tour guide,tour guide,tour guide,1,*,service industry,,assistant/ service industry
senior manager call center operations,manager,manager,1,,,,manager
senior louisiana state university,student,student,1,,,,student
senior lehigh university,student,student,1,,,,student
quilt teacher retired legal secretary,unemployed,unemployed,1,,,,unemployed
quiz host writer,writer,writer,1,,,,writer
rabbi,rabbi,rabbi,1,*,religious ,,military/ clergy
radiologist,radiologist,radiologist,1,*,doctor,,physician
ranch hand,ranch hand,ranch hand,1,*,laborer,,laborer
real estate attorney,attorney,attorney,1,*,lawyer,,lawyer
real estate marketer,real estate marketer,real estate marketer,1,*,marketing,,marketing
realtor,realtor,realtor,1,*,salesman,,salesperson
realtor stay-at-home mom,unemployed,unemployed,1,,,,unemployed
recent college graduate,grad student,grad student,1,,,,grad student
recent law school graduate,grad student,grad student,1,,,,grad student
recruiter originally,unemployed,unemployed,1,,,,unemployed
reference librarian,librarian,librarian,1,,,,librarian
regional human resources manager,manager,manager,1,,,,manager
regulatory research counsel,scientist,scientist,1,,,,scientist/ researcher
relationship manager,manager,manager,1,,,,manager
relationship marketing specialist stay-at-home mom,unemployed,unemployed,1,,,,unemployed
renewable energy manager,manager,manager,1,,,,manager
rental coordinator,coordinator,coordinator,1,,,,coordinator
resale store manager,manager,manager,1,,,,manager
research analyst,scientist,scientist,1,,,,analyst
research assistant student originally,unemployed,unemployed,1,,,,unemployed
research chemist originally,unemployed,unemployed,1,,,,unemployed
research consultant,scientist,scientist,1,,,,scientist/ researcher
research lab manager originally,unemployed,unemployed,1,,,,unemployed
research manager,manager,manager,1,,,,manager
research microbiologist,scientist,scientist,1,,,,scientist/ researcher
quality improvement specialist originally,unemployed,unemployed,1,,,,unemployed
quality control specialist,specialist,specialist,1,,,,specialist
quality assurance coordinator,coordinator,coordinator,1,,,,coordinator
quality assurance auditor,quality assurance auditor,quality assurance auditor,1,*,miscellaneous,,miscellaneous
production company associate originally,unemployed,unemployed,1,,,,unemployed
production coordinator,coordinator,coordinator,1,,,,coordinator
production manager,manager,manager,1,,,,manager
professor art history,artist/designer,artist/designer,1,,,,actor/artist/designer
professor management,professor,professor,1,,,,professor
program analyst,analyst,analyst,1,,,,analyst
program manager,manager,manager,1,,,,manager
programmer,programmer,programmer,1,*,tech developer,,technician/ programmer
proofreader virtual assistant,proofreader virtual assistant,proofreader virtual assistant,1,*,assistant,,assistant/ service industry
proposal manager,manager,manager,1,,,,manager
proposal writer,writer,writer,1,,,,writer
prosecutor,prosecutor,prosecutor,1,*,lawyer,,lawyer
psychiatrist,psychiatrist,psychiatrist,1,*,doctor,,physician
residential manager,manager,manager,1,,,,manager
psychometrician,psychometrician,psychometrician,1,*,doctor,,physician
public accountant,public accountant,public accountant,1,*,accountant ,,accounting/ business/ finance
public affairs manager,manager,manager,1,,,,manager
public education consultant,consultant,consultant,1,,,,consultant
public health doctor,misc health,misc health,1,,,,misc health
public health graduate student,misc health,misc health,1,,,,misc health
public interest attorney,attorney,attorney,1,*,lawyer,,lawyer
public interest attorney originally,unemployed,unemployed,1,,,,unemployed
public librarian,librarian,librarian,1,,,,librarian
public transportation consultant,consultant,consultant,1,,,,consultant
publisher,publisher,publisher,1,*,editor,,editor
purchasing clerk,purchasing clerk,purchasing clerk,1,*,miscellaneous,,miscellaneous
quality analyst,analyst,analyst,1,,,,analyst
quality assurance analyst,analyst,analyst,1,,,,analyst
psychotherapist,psychotherapist,psychotherapist,1,*,doctor,,physician
graduate student physics,grad student,grad student,1,,,,grad student
restaurant manager,manager,manager,1,,,,manager
retail assistant manager originally,unemployed,unemployed,1,,,,unemployed
retired technical trainer,unemployed,unemployed,1,,,,unemployed
retired u.s. navy captain astronaut,unemployed,unemployed,1,,,,unemployed
risk analytics manager,manager,manager,1,,,,manager
risk manager,manager,manager,1,,,,manager
rock musician,musician,musician,1,,,,musician
sales analyst,analyst,analyst,1,,,,analyst
sales associate,sales associate,sales associate,1,*,salesman,,salesperson
sales coordinator,coordinator,coordinator,1,,,,coordinator
sales manager,manager,manager,1,,,,manager
sales representative,sales representative,sales representative,1,*,salesman,,salesperson
sales support specialist,specialist,specialist,1,,,,specialist
salesman,salesman,salesman,1,,,,salesperson
scholarship program director,director,director,1,,,,director
school administrator,school administrator,school administrator,1,*,admin,,administration/ advisory
school media specialist,specialist,specialist,1,,,,specialist
school secretary,school secretary,school secretary,1,*,misc education,,misc education
school service assistant,school service assistant,school service assistant,1,*,misc education,,misc education
science writer,writer,writer,1,,,,writer
scientist,scientist,scientist,1,,,,scientist/ researcher
scrummaster,scrummaster,scrummaster,1,*,miscellaneous,,miscellaneous
semi-retired educator,unemployed,unemployed,1,,,,unemployed
senior ball state university,student,student,1,,,,student
senior business systems analyst,student,student,1,,,,student
senior computer science researcher,student,student,1,,,,student
senior data engineer,student,student,1,,,,student
senior duke university,student,student,1,,,,student
senior lawrence university,student,student,1,,,,student
retired technical editor,unemployed,unemployed,1,,,,unemployed
retired software engineer,unemployed,unemployed,1,,,,unemployed
retired registered nurse,unemployed,unemployed,1,,,,unemployed
retired railroad analyst,unemployed,unemployed,1,,,,unemployed
retail sales associate,retail sales associate,retail sales associate,1,*,salesman,,salesperson
retired accounting instructor,unemployed,unemployed,1,,,,unemployed
retired actor,unemployed,unemployed,1,,,,unemployed
retired actuary,unemployed,unemployed,1,,,,unemployed
retired air traffic controller,unemployed,unemployed,1,,,,unemployed
retired army master sergeant,unemployed,unemployed,1,,,,unemployed
retired attorney,unemployed,unemployed,1,,,,unemployed
retired business property manager,unemployed,unemployed,1,,,,unemployed
retired chemistry teacher,unemployed,unemployed,1,,,,unemployed
retired civil servant,unemployed,unemployed,1,,,,unemployed
retired computer consultant,unemployed,unemployed,1,,,,unemployed
retired consultant,unemployed,unemployed,1,,,,unemployed
retired database administrator,unemployed,unemployed,1,,,,unemployed
restaurant owner,restaurant owner,restaurant owner,1,*,owner,,accounting/ business/ finance
retired educator,unemployed,unemployed,1,,,,unemployed
retired high school teacher,unemployed,unemployed,1,,,,unemployed
retired insurance broker,unemployed,unemployed,1,,,,unemployed
retired lawyer software developer,unemployed,unemployed,1,,,,unemployed
retired library assistant,unemployed,unemployed,1,,,,unemployed
retired management consultant,unemployed,unemployed,1,,,,unemployed
retired mental health professional,unemployed,unemployed,1,,,,unemployed
retired middle school teacher,unemployed,unemployed,1,,,,unemployed
retired navy medical specialist,unemployed,unemployed,1,,,,unemployed
retired ob/gyn physician,unemployed,unemployed,1,,,,unemployed
retired operations manager,unemployed,unemployed,1,,,,unemployed
retired pathologist,unemployed,unemployed,1,,,,unemployed
retired physician,unemployed,unemployed,1,,,,unemployed
retired professor,unemployed,unemployed,1,,,,unemployed
retired federal employee,unemployed,unemployed,1,,,,unemployed
graduate student medieval history,grad student,grad student,1,,,,grad student
k-12 school administrator,k-12 school administrator,k-12 school administrator,1,*,admin,,administration/ advisory
botanical artist,artist/designer,artist/designer,1,,,,actor/artist/designer
editor monthly newspaper,reporter,reporter,1,*,writer ,,writer
communications executive,manager,manager,1,,,,manager
editor originally,unemployed,unemployed,1,,,,unemployed
commercial real estate broker,commercial real estate broker,commercial real estate broker,1,*,salesman,,salesperson
editor stay-at-home parent,unemployed,unemployed,1,,,,unemployed
commercial property manager,manager,manager,1,,,,manager
commercial photographer,commercial photographer,commercial photographer,1,*,artist/designer,,actor/artist/designer
antiques dealer,antiques dealer,antiques dealer,1,*,salesman,,salesperson
editorial project manager,manager,manager,1,,,,manager
anesthesiologist,anesthesiologist,anesthesiologist,1,*,doctor,,physician
education consultant,consultant,consultant,1,,,,consultant
commercial insurance broker,commercial insurance broker,commercial insurance broker,1,*,finance,,accounting/ business/ finance
educational researcher,scientist,scientist,1,,,,scientist/ researcher
educational therapist,educational therapist,educational therapist,1,*,misc health,,misc health
eighth grade history teacher,grad student,grad student,1,,,,grad student
comedy writer originally,unemployed,unemployed,1,,,,unemployed
comedy writer,writer,writer,1,,,,writer
editor graduate student public health,misc health,misc health,1,,,,misc health
analytics director,director,director,1,,,,director
communications marketing manager,manager,manager,1,,,,manager
appellate attorney,attorney,attorney,1,*,lawyer,,lawyer
compliance technician,technician,technician,1,,,,technician/ programmer
compliance manager,manager,manager,1,,,,manager
compliance executive,manager,manager,1,,,,manager
draft equipment salesman,draft equipment salesman,draft equipment salesman,1,*,salesman,,salesperson
author educator,author,author,1,*,writer ,,writer
e-commerce blogger,e-commerce blogger,e-commerce blogger,1,*,writer ,,writer
community organizer,community organizer,community organizer,1,*,director,,director
auto repair shop service manager,manager,manager,1,,,,manager
community college professor,professor,professor,1,,,,professor
archaeologist foundation executive director,director,director,1,,,,director
aquatic veterinarian,aquatic veterinarian,aquatic veterinarian,1,*,doctor,,physician
early childhood educator,teacher,teacher,1,,,,teacher
economic development professional,economic development professional,economic development professional,1,*,specialist ,,specialist
community college english professor,professor,professor,1,,,,professor
awards program manager,manager,manager,1,,,,manager
communications specialist,specialist,specialist,1,,,,specialist
baker,baker,baker,1,*,miscellaneous,,miscellaneous
baker barista,baker barista,baker barista,1,*,miscellaneous,,miscellaneous
audio engineer,engineer,engineer,1,,,,engineer/ architect
analytics consultant,consultant,consultant,1,,,,consultant
color scientist,scientist,scientist,1,,,,scientist/ researcher
affordable housing development analyst,analyst,analyst,1,,,,analyst
banker financial analyst,analyst,analyst,1,,,,analyst
aerospace consultant,consultant,consultant,1,,,,consultant
english instructor,teacher,teacher,1,,,,teacher
english instructor administrator,teacher,teacher,1,,,,teacher
college history teacher,teacher,teacher,1,,,,teacher
college geography instructor,teacher,teacher,1,,,,teacher
college counselor,advisor,advisor,1,,,,administration/ advisory
advertising executive originally,unemployed,unemployed,1,,,,unemployed
advertiser account representative,advertiser account representative,advertiser account representative,1,*,miscellaneous,,miscellaneous
adventure travel writer,writer,writer,1,,,,writer
english second language instructor originally,unemployed,unemployed,1,,,,unemployed
adventure specialist,specialist,specialist,1,,,,specialist
administrator female-centric website,administrator female-centric website,administrator female-centric website,1,*,admin,,administration/ advisory
english teacher originally,unemployed,unemployed,1,,,,unemployed
college admissions counselor,advisor,advisor,1,,,,administration/ advisory
entertainment editor,entertainment editor,entertainment editor,1,*,editor,,editor
college journalism teacher,teacher,teacher,1,,,,teacher
analytical chemist,analytical chemist,analytical chemist,1,*,scientist,,scientist/ researcher
college professor writer,writer,writer,1,,,,writer
air traffic controller,air traffic controller,air traffic controller,1,*,transportation,,specialist
elections administrator,elections administrator,elections administrator,1,*,admin,,administration/ advisory
americorps recruiter,americorps recruiter,americorps recruiter,1,*,miscellaneous,,miscellaneous
alcohol lawyer,lawyer,lawyer,1,,,,lawyer
elementary school administrator,elementary school administrator,elementary school administrator,1,*,admin,,administration/ advisory
elementary school counselor,advisor,advisor,1,*,teacher,,teacher
college teacher,teacher,teacher,1,,,,teacher
elementary school math teacher,teacher,teacher,1,,,,teacher
college student,student,student,1,,,,student
emergency physician,emergency physician,emergency physician,1,*,doctor,,physician
emergency room nurse,nurse,nurse,1,*,healthcare,,misc healthcare
employee benefits attorney,attorney,attorney,1,*,lawyer,,lawyer
employee benefits consultant,consultant,consultant,1,,,,consultant
college program administrator,college program administrator,college program administrator,1,*,admin,,administration/ advisory
energy trader,energy trader,energy trader,1,*,finance,,accounting/ business/ finance
airline operations specialist,specialist,specialist,1,,,,specialist
engineer off-grid homesteader,engineer,engineer,1,,,,engineer/ architect
engineer originally,unemployed,unemployed,1,,,,unemployed
engineering graduate student,grad student,grad student,1,,,,grad student
administrator,administrator,administrator,1,*,admin,,administration/ advisory
architectural conservator,architect,architect,1,*,engineer,,engineer/ architect
architectural design associate,architect,architect,1,*,engineer,,engineer/ architect
aspiring writer poet,writer,writer,1,,,,writer
customer due-diligence specialist originally,unemployed,unemployed,1,,,,unemployed
customer experience advisor,advisor,advisor,1,*,teacher,,teacher
customer service representaive,customer service representaive,customer service representaive,1,*,service industry,,assistant/ service industry
corporate controller,corporate controller,corporate controller,1,*,finance,,accounting/ business/ finance
aspiring teacher,teacher,teacher,1,,,,teacher
cybersecurity research director,director,director,1,,,,director
dancer,dancer,dancer,1,*,artist/designer,,actor/artist/designer
data analytics manager,manager,manager,1,,,,manager
data engineer,engineer,engineer,1,,,,engineer/ architect
data repair technician,technician,technician,1,,,,technician/ programmer
controls engineer,engineer,engineer,1,,,,engineer/ architect
data specialist,specialist,specialist,1,,,,specialist
associate professor computer science,professor,professor,1,,,,professor
database administrator,database administrator,database administrator,1,*,tech developer,,technician/ programmer
database coordinator,coordinator,coordinator,1,,,,coordinator
controller,controller,controller,1,*,miscellaneous,,miscellaneous
curriculum development program manager,manager,manager,1,,,,manager
associate professor political science,professor,professor,1,,,,professor
curriculum designer originally,unemployed,unemployed,1,,,,unemployed
corporate finance manager,manager,manager,1,,,,manager
country western dance instructor,teacher,teacher,1,,,,teacher
correctional librarian,librarian,librarian,1,,,,librarian
courier,courier,courier,1,*,miscellaneous,,miscellaneous
corporate tax attorney,misc government,misc government,1,,,,misc government
assistant office manager,manager,manager,1,,,,manager
course logistics specialist,specialist,specialist,1,,,,specialist
corporate tax analyst,misc government,misc government,1,,,,misc government
assistant editor,assistant editor,assistant editor,1,*,editor,,editor
corporate strategy manager,manager,manager,1,,,,manager
crafter,crafter,crafter,1,*,artist/designer,,actor/artist/designer
corporate strategist originally,unemployed,unemployed,1,,,,unemployed
corporate intelligence analyst,analyst,analyst,1,,,,analyst
assistant analyst,analyst,analyst,1,,,,analyst
criminal defense lawyer,lawyer,lawyer,1,,,,lawyer
assistant secretary colorado senate,assistant secretary colorado senate,assistant secretary colorado senate,1,*,misc government,,misc government
criminal immigration defense lawyer,lawyer,lawyer,1,,,,lawyer
curator,curator,curator,1,*,artist/designer,,actor/artist/designer
associate director annual giving,director,director,1,,,,director
doctoral candidate anthropology,doctor,doctor,1,,,,physician
daylight engineer stay-at-home dad,unemployed,unemployed,1,,,,unemployed
defense consultant navy reserve officer,military officer,military officer,1,,,,military/ clergy
art director,artist/designer,artist/designer,1,,,,actor/artist/designer
director analytics,director,director,1,,,,director
director business development,director,director,1,,,,director
director college research center,director,director,1,,,,director
director communications,director,director,1,,,,director
art dealer,artist/designer,artist/designer,1,,,,actor/artist/designer
director compensation,director,director,1,,,,director
army public affairs chief originally,unemployed,unemployed,1,,,,unemployed
director compliance investigations,director,director,1,,,,director
director contemporary arts center,artist/designer,artist/designer,1,,,,actor/artist/designer
director religious education,director,director,1,,,,director
consulting electrical engineer,engineer,engineer,1,,,,engineer/ architect
brand manager,manager,manager,1,,,,manager
attorney municipal judge,lawyer,lawyer,1,,,,lawyer
distribution associate,distribution associate,distribution associate,1,*,miscellaneous,,miscellaneous
composition lecturer,teacher,teacher,1,,,,teacher
dj music journalist,musician,musician,1,,,,musician
art historian college professor,artist/designer,artist/designer,1,,,,actor/artist/designer
associate teaching professor,professor,professor,1,,,,professor
digital media specialist,specialist,specialist,1,,,,specialist
consumer insights manager,manager,manager,1,,,,manager
delivery driver part-time actor,artist/designer,artist/designer,1,,,,actor/artist/designer
asl interpreter,asl interpreter,asl interpreter,1,*,service industry,,assistant/ service industry
astronomer,astronomer,astronomer,1,*,scientist,,scientist/ researcher
developer consultant,consultant,consultant,1,,,,consultant
astrophysicist,astrophysicist,astrophysicist,1,*,scientist,,scientist/ researcher
contract attorney stay-at-home mom,unemployed,unemployed,1,,,,unemployed
arts marketer,artist/designer,artist/designer,1,,,,actor/artist/designer
development assistant data analyst,analyst,analyst,1,,,,analyst
development officer,development officer,development officer,1,*,officer,,misc government
arts editor reporter,reporter,reporter,1,*,writer ,,writer
dialect coach,dialect coach,dialect coach,1,*,teacher,,teacher
contract analyst,analyst,analyst,1,,,,analyst
content manager,manager,manager,1,,,,manager
content editor,content editor,content editor,1,*,editor,,editor
artist business consultant,artist/designer,artist/designer,1,,,,actor/artist/designer
digital fashion editor,digital fashion editor,digital fashion editor,1,*,editor,,editor
digital marketer,digital marketer,digital marketer,1,*,marketing,,marketing
digital marketer originally,unemployed,unemployed,1,,,,unemployed
entertainment litigation attorney,attorney,attorney,1,*,lawyer,,lawyer
engineering ph.d. student,grad student,grad student,1,,,,grad student
baseball writer originally,unemployed,unemployed,1,,,,unemployed
freelancer,freelancer,freelancer,1,*,miscellaneous,,miscellaneous
certified opthalmic assistant,certified opthalmic assistant,certified opthalmic assistant,1,*,assistant,,assistant/ service industry
biomedical scientist,scientist,scientist,1,,,,scientist/ researcher
certified massage therapist,certified massage therapist,certified massage therapist,1,*,service industry,,assistant/ service industry
cellar hand,cellar hand,cellar hand,1,*,miscellaneous,,miscellaneous
academic advisor,advisor,advisor,1,,,,administration/ advisory
abuse prevention educator,teacher,teacher,1,,,,teacher
academic competition director,director,director,1,,,,director
catastrophe modeler,catastrophe modeler,catastrophe modeler,1,*,scientist,,scientist/ researcher
freshman northwestern university,student,student,1,,,,student
career counselor,advisor,advisor,1,,,,administration/ advisory
freshman san francisco state university,student,student,1,,,,student
8th grade science teacher,grad student,grad student,1,,,,grad student
8th grade language arts teacher,artist/designer,artist/designer,1,,,,actor/artist/designer
business technology integration consultant,consultant,consultant,1,,,,consultant
fund raising professional consultant,consultant,consultant,1,,,,consultant
cashier,cashier,cashier,1,*,laborer,,laborer
fundraising data analyst,analyst,analyst,1,,,,analyst
freelance writer researcher,scientist,scientist,1,,,,scientist/ researcher
academic director,director,director,1,,,,director
food truck owner,food truck owner,food truck owner,1,*,owner,,accounting/ business/ finance
football coach tutor,football coach tutor,football coach tutor,1,*,teacher,,teacher
chemistry tutor,chemistry tutor,chemistry tutor,1,*,teacher,,teacher
accounting manager,manager,manager,1,,,,manager
billing coordinator,coordinator,coordinator,1,,,,coordinator
accountant mom,mom,mom,1,*,unemployed,,unemployed
chemical engineer consulting renewable energy,engineer,engineer,1,,,,engineer/ architect
freelance political consultant,consultant,consultant,1,,,,consultant
chef originally,unemployed,unemployed,1,,,,unemployed
entertainment news editor,entertainment news editor,entertainment news editor,1,*,editor,,editor
account executive originally,unemployed,unemployed,1,,,,unemployed
biology student,student,student,1,,,,student
biomedical engineer,engineer,engineer,1,,,,engineer/ architect
account executive,manager,manager,1,,,,manager
freelance editor,freelance editor,freelance editor,1,*,editor,,editor
academic librarian,librarian,librarian,1,,,,librarian
account manager,manager,manager,1,,,,manager
chief financial officer,chief financial officer,chief financial officer,1,*,director,,director
7th 8th grade social studies teacher,grad student,grad student,1,,,,grad student
business technology consultant,consultant,consultant,1,,,,consultant
government secretary,misc government,misc government,1,,,,misc government
grad student navy reserve officer,military officer,military officer,1,,,,military/ clergy
business developer originally,unemployed,unemployed,1,,,,unemployed
12th grade english language arts teacher,artist/designer,artist/designer,1,,,,teacher
business developer,business developer,business developer,1,,,,consultant
graduate student chemical engineering,grad student,grad student,1,,,,grad student
graduate student clinical psychology,grad student,grad student,1,,,,grad student
government relations professional,misc government,misc government,1,,,,misc government
11th grade u.s. history teacher keller,grad student,grad student,1,,,,grad student
graduate student health data specialist,misc health,misc health,1,,,,misc health
10th grade english teacher,grad student,grad student,1,,,,grad student
bookkeeper,bookkeeper,bookkeeper,1,*,librarian,,librarian
graduate student instructor,grad student,grad student,1,,,,grad student
budget analyst,analyst,analyst,1,,,,analyst
graduate student instructor originally,unemployed,unemployed,1,,,,unemployed
broadcast journalist,journalist,journalist,1,,,,writer
business consultant,consultant,consultant,1,,,,consultant
fundraising manager,manager,manager,1,,,,manager
government law librarian,misc government,misc government,1,,,,misc government
government attorney,misc government,misc government,1,,,,misc government
6th-12th grade choir teacher,grad student,grad student,1,,,,grad student
furniture store manager,manager,manager,1,,,,manager
future law student,student,student,1,,,,student
business systems analyst,analyst,analyst,1,,,,analyst
business strategist,business strategist,business strategist,1,*,analyst,,analyst
games editor,games editor,games editor,1,*,editor,,editor
garden designer,artist/designer,artist/designer,1,,,,actor/artist/designer
business development manager,manager,manager,1,,,,manager
gas turbine repair operations manager,manager,manager,1,,,,manager
4th grade language arts teacher,artist/designer,artist/designer,1,,,,teacher
geophysicist,geophysicist,geophysicist,1,*,scientist,,scientist/ researcher
1st grade teacher,grad student,grad student,1,,,,grad student
business manager originally,unemployed,unemployed,1,,,,unemployed
glazier,glazier,glazier,1,*,miscellaneous,,miscellaneous
business development manager originally,unemployed,unemployed,1,,,,unemployed
global talent management associate originally,unemployed,unemployed,1,,,,unemployed
6th grade teacher,grad student,grad student,1,,,,grad student
fitness instructor,teacher,teacher,1,,,,teacher
chef educator,chef,chef,1,,,,assistant/ service industry
benefits analyst,analyst,analyst,1,,,,analyst
executive director educational foundation,director,director,1,,,,director
client services director,director,director,1,,,,director
family medical physician,family medical physician,family medical physician,1,*,doctor,,physician
client service specialist,specialist,specialist,1,,,,specialist
claims examiner,claims examiner,claims examiner,1,*,miscellaneous,,miscellaneous
family physician,family physician,family physician,1,*,doctor,,physician
family practice physician,family practice physician,family practice physician,1,*,doctor,,physician
claims adjudicator,claims adjudicator,claims adjudicator,1,*,miscellaneous,,miscellaneous
actor producer,actor producer,actor producer,1,*,artist/designer,,actor/artist/designer
civil servant,civil servant,civil servant,1,*,misc government,,misc government
fertilizer market manager,manager,manager,1,,,,manager
fiber artist,artist/designer,artist/designer,1,,,,actor/artist/designer
civil engineer,engineer,engineer,1,,,,engineer/ architect
film data coordinator,coordinator,coordinator,1,,,,coordinator
film publicist,film publicist,film publicist,1,*,marketing,,marketing
film student originally,unemployed,unemployed,1,,,,unemployed
children's book review editor,children's book review editor,children's book review editor,1,*,editor,,editor
executive director,director,director,1,,,,director
filmmaker writer originally,unemployed,unemployed,1,,,,unemployed
actuarial consultant,consultant,consultant,1,,,,consultant
clinical psychologist,clinical psychologist,clinical psychologist,1,*,doctor,,physician
college administrator,college administrator,college administrator,1,*,admin,,administration/ advisory
environmental educator originally,unemployed,unemployed,1,,,,unemployed
administrative professional,administrative professional,administrative professional,1,*,admin,,administration/ advisory
environmental engineer consultant,engineer,engineer,1,,,,engineer/ architect
environmental lawyer,lawyer,lawyer,1,,,,lawyer
cocktail bartender,artist/designer,artist/designer,1,,,,actor/artist/designer
environmental scientist,scientist,scientist,1,,,,scientist/ researcher
adjunct professor history american studies,professor,professor,1,,,,professor
ergonomist,ergonomist,ergonomist,1,*,scientist,,scientist/ researcher
adjunct professor,professor,professor,1,,,,professor
closed captioner originally,unemployed,unemployed,1,,,,unemployed
acupuncturist,acupuncturist,acupuncturist,1,*,service industry,,assistant/ service industry
actuary originally,unemployed,unemployed,1,,,,unemployed
evolutionary anthropologist,evolutionary anthropologist,evolutionary anthropologist,1,*,scientist,,scientist/ researcher
clinical social worker,clinical social worker,clinical social worker,1,*,government ,,misc government
clinical research coordinator originally,unemployed,unemployed,1,,,,unemployed
executive administrator,manager,manager,1,,,,manager
actuarial recruiter,actuarial recruiter,actuarial recruiter,1,*,miscellaneous,,miscellaneous
finance analyst,analyst,analyst,1,,,,analyst
fashion buyer,fashion buyer,fashion buyer,1,*,salesperson,,salesperson
assistant principal high school blind,misc education,misc education,1,,,,misc education
financial trader,financial trader,financial trader,1,*,finance,,accounting/ business/ finance
children's book author originally,unemployed,unemployed,1,,,,unemployed
accounting professor,professor,professor,1,,,,professor
finance system manager,manager,manager,1,,,,manager
financial analyst originally,unemployed,unemployed,1,,,,unemployed
chief operations,chief operations,chief operations,1,*,manager,,manager
financial services executive,manager,manager,1,,,,manager
financial risk consultant,consultant,consultant,1,,,,consultant
firefighter,firefighter,firefighter,1,*,emergency services,,misc government
financial services officer,financial services officer,financial services officer,1,*,finance,,accounting/ business/ finance
financial software consultant,consultant,consultant,1,,,,consultant
fishmonger,fishmonger,fishmonger,1,*,laborer,,laborer
seventh grader,grad student,grad student,2,,,,grad student
purchasing manager,manager,manager,2,,,,manager
senior dartmouth college,artist/designer,artist/designer,2,,,,student
ph.d. student architectural history,grad student,grad student,2,,,,grad student
author administrative assistant,author,author,2,*,writer ,,writer
community volunteer,volunteer,volunteer,2,,,,miscellaneous
product marketing manager,manager,manager,2,,,,manager
social studies teacher,teacher,teacher,2,,,,teacher
resident physician,resident physician,resident physician,2,*,doctor,,physician
shovel bum,shovel bum,shovel bum,2,*,laborer,,laborer
board game designer,artist/designer,artist/designer,2,,,,actor/artist/designer
senior columbia university,student,student,2,,,,student
researcher,scientist,scientist,2,,,,scientist/ researcher
performance manager,manager,manager,2,,,,manager
collaboration solution specialist,specialist,specialist,2,,,,specialist
communications professional,communications professional,communications professional,2,*,specialist ,,specialist
retired postal clerk,unemployed,unemployed,2,,,,unemployed
professor public health bioethics,misc health,misc health,2,,,,misc health
professor political science,professor,professor,2,,,,professor
bond analyst,analyst,analyst,2,,,,analyst
retiree,retiree,retiree,2,,,,unemployed
social security administration attorney,attorney,attorney,2,*,lawyer,,lawyer
college composition instructor,teacher,teacher,2,,,,teacher
radio copywriter voiceover announcer,writer,writer,2,,,,writer
chemist,chemist,chemist,2,*,scientist,,scientist/ researcher
coast guard helicopter mechanic originally,unemployed,unemployed,2,,,,unemployed
real estate agent,real estate agent,real estate agent,2,*,salesperson,,salesperson
ph.d. candidate microbiology originally,unemployed,unemployed,2,,,,unemployed
coalition director originally,unemployed,unemployed,2,,,,unemployed
ph.d. student physics originally,unemployed,unemployed,2,,,,unemployed
college instructor,teacher,teacher,2,,,,teacher
compliance engineer originally,unemployed,unemployed,2,,,,unemployed
consulting engineer,engineer,engineer,2,,,,engineer/ architect
communications manager boxing writer,manager,manager,2,,,,manager
research associate,scientist,scientist,2,,,,scientist/ researcher
content developer,content developer,content developer,2,*,artist/designer,,actor/artist/designer
retired college professor,unemployed,unemployed,2,,,,unemployed
cashier writer,writer,writer,2,,,,writer
children's book managing editor,children's book managing editor,children's book managing editor,2,*,editor,,editor
police captain,police captain,police captain,2,*,emergency services,,misc government
bioscience ph.d. program applicant,grad student,grad student,2,,,,grad student
consultant rideshare driver,consultant,consultant,2,,,,consultant
retailer,retailer,retailer,2,*,salesperson,,salesperson
policy analyst originally,unemployed,unemployed,2,,,,unemployed
scientific editor,scientific editor,scientific editor,2,*,editor,,editor
behavior analyst,analyst,analyst,2,,,,analyst
childrens librarian,librarian,librarian,2,,,,librarian
children's librarian,librarian,librarian,2,,,,librarian
senior northeastern university,student,student,2,,,,student
character trainer originally,unemployed,unemployed,2,,,,unemployed
political science professor,professor,professor,2,,,,professor
copy editor,copy editor,copy editor,2,*,editor,,editor
graduate student law social work,grad student,grad student,2,,,,grad student
program analyst originally,unemployed,unemployed,2,,,,unemployed
senior georgetown university,student,student,2,,,,student
biomedical science teacher,teacher,teacher,2,,,,teacher
blogger,blogger,blogger,2,*,writer ,,writer
restaurant manager originally,unemployed,unemployed,2,,,,unemployed
pharmacy student,student,student,2,,,,student
scoring director,director,director,2,,,,director
school librarian,librarian,librarian,2,,,,librarian
captioner,captioner,captioner,2,*,miscellaneous,,miscellaneous
communications director,director,director,2,,,,director
retired engineer,unemployed,unemployed,2,,,,unemployed
comptroller,comptroller,comptroller,2,*,government ,,misc government
retail store owner,retail store owner,retail store owner,2,*,owner,,accounting/ business/ finance
retired cpa,unemployed,unemployed,2,,,,unemployed
rehabilitation specialist,specialist,specialist,2,,,,specialist
retired convenience store manager,unemployed,unemployed,2,,,,unemployed
senior managing editor,student,student,2,,,,student
beer wholesaler,beer wholesaler,beer wholesaler,2,*,salesperson,,salesperson
public radio reporter,reporter,reporter,2,*,writer ,,writer
graduate student library science,grad student,grad student,2,,,,grad student
software q.a. lead,software q.a. lead,software q.a. lead,2,*,tech developer,,technician/ programmer
trademark attorney,attorney,attorney,2,*,lawyer,,lawyer
training system manager,manager,manager,2,,,,manager
family assessment writer,writer,writer,2,,,,writer
investment professional,investment professional,investment professional,2,*,finance,,accounting/ business/ finance
investment banking analyst,analyst,analyst,2,,,,analyst
investment banker strategy consultant,consultant,consultant,2,,,,consultant
travel agent,travel agent,travel agent,2,*,service industry,,assistant/ service industry
travel media editor,travel media editor,travel media editor,2,*,editor,,editor
junior caltech,student,student,2,,,,student
internal medicine physician originally,unemployed,unemployed,2,,,,unemployed
actor grants analyst,analyst,analyst,2,,,,analyst
instructional designer curriculum developer,artist/designer,artist/designer,2,,,,actor/artist/designer
tv news producer originally,unemployed,unemployed,2,,,,unemployed
filmmaker author,author,author,2,*,writer ,,writer
finance manager,manager,manager,2,,,,manager
accounting service representative,accounting service representative,accounting service representative,2,*,assistant,,assistant/ service industry
financial planner,financial planner,financial planner,2,*,finance,,accounting/ business/ finance
immigration attorney,attorney,attorney,2,*,lawyer,,lawyer
internal customer service manager,manager,manager,2,,,,manager
i.t. consultant,consultant,consultant,2,,,,consultant
adjunct physics instructor stay-at-home mom,unemployed,unemployed,2,,,,unemployed
epidemiologist,epidemiologist,epidemiologist,2,*,scientist,,scientist/ researcher
airline pilot,airline pilot,airline pilot,2,*,transportation,,specialist
elementary school special education teacher,teacher,teacher,2,,,,teacher
energy engineer,engineer,engineer,2,,,,engineer/ architect
assistant professor psychology,professor,professor,2,,,,professor
technical services librarian,librarian,librarian,2,,,,librarian
technical support analyst,analyst,analyst,2,,,,analyst
technical writer actress,writer,writer,2,,,,writer
aerospace engineer,engineer,engineer,2,,,,engineer/ architect
equity analyst,analyst,analyst,2,,,,analyst
technology consultant,consultant,consultant,2,,,,consultant
layout artist,artist/designer,artist/designer,2,,,,actor/artist/designer
law school graduate,grad student,grad student,2,,,,grad student
law library director law professor,director,director,2,,,,director
landscaper,landscaper,landscaper,2,*,laborer,,laborer
environmental compliance manager,manager,manager,2,,,,manager
kindergarten teacher,artist/designer,artist/designer,2,,,,teacher
k-12 technology teacher,teacher,teacher,2,,,,teacher
k-12 gifted talented teacher,teacher,teacher,2,,,,teacher
leadership trainer,leadership trainer,leadership trainer,2,*,teacher,,teacher
major account manager originally,unemployed,unemployed,2,,,,unemployed
foreign service officer,foreign service officer,foreign service officer,2,*,government ,,misc government
forensic scientist,scientist,scientist,2,,,,scientist/ researcher
high school english french teacher,misc education,misc education,2,,,,misc education
high school choir teacher,misc education,misc education,2,,,,misc education
6th grade u.s. history language arts teacher,artist/designer,artist/designer,2,,,,actor/artist/designer
high school art teacher,misc education,misc education,2,,,,misc education
healthcare data analyst,misc health,misc health,2,,,,misc health
health care consultant,misc health,misc health,2,,,,misc health
global health consultant,misc health,misc health,2,,,,misc health
government contractor,misc government,misc government,2,,,,misc government
8th 12th grade math teacher,grad student,grad student,2,,,,grad student
growth marketer,growth marketer,growth marketer,2,*,marketing,,marketing
writer editor honda campus all-star challenge,writer,writer,2,,,,writer
11th grade english creative writing teacher,grad student,grad student,2,,,,grad student
writer-actor,writer,writer,2,,,,writer
graduate student public affairs,grad student,grad student,2,,,,grad student
graduate student poetry,grad student,grad student,2,,,,grad student
graduate student philosophy,grad student,grad student,2,,,,grad student
10th grade chemistry teacher,grad student,grad student,2,,,,grad student
yoga instructor,teacher,teacher,2,,,,teacher
graduate assistant,grad student,grad student,2,,,,grad student
hr manager,manager,manager,2,,,,manager
high school history psychology teacher,misc education,misc education,2,*,teacher ,,teacher
freshman north carolina state university,student,student,2,,,,student
university honors program manager,manager,manager,2,,,,manager
university lecturer,teacher,teacher,2,,,,teacher
hospital pediatrician,hospital pediatrician,hospital pediatrician,2,*,doctor,,physician
forklift operator,forklift operator,forklift operator,2,*,laborer,,laborer
university literature instructor,teacher,teacher,2,,,,teacher
fourth grade teacher,grad student,grad student,2,,,,grad student
fragrance specialist,specialist,specialist,2,,,,specialist
utility locator,utility locator,utility locator,2,*,miscellaneous,,miscellaneous
freshman nyu,student,student,2,,,,student
history teacher,teacher,teacher,2,,,,teacher
freelance writer editor,writer,writer,2,,,,writer
academic assistant,academic assistant,academic assistant,2,*,assistant,,assistant/ service industry
high school special education teacher,misc education,misc education,2,,,,misc education
video producer,video producer,video producer,2,*,artist/designer,,actor/artist/designer
high school principal,misc education,misc education,2,,,,misc education
9th grade math teacher,grad student,grad student,2,,,,grad student
freshman columbia university,student,student,2,,,,student
virtual assistant,virtual assistant,virtual assistant,2,*,assistant,,assistant/ service industry
freelance project manager,manager,manager,2,,,,manager
teacher educator,teacher,teacher,2,,,,teacher
library reference clerk,librarian,librarian,2,,,,librarian
teacher composer,teacher,teacher,2,,,,teacher
newspaper reporter,reporter,reporter,2,*,editor,,editor
newspaper copy editor,reporter,reporter,2,*,editor,,editor
newspaper columnist,reporter,reporter,2,*,editor,,editor
stay-at-home dad lawyer,unemployed,unemployed,2,,,,unemployed
navy jag,military officer,military officer,2,,,,military/ clergy
naval officer originally,unemployed,unemployed,2,,,,unemployed
naval flight officer,naval flight officer,naval flight officer,2,*,military officer ,,military/ clergy
art history professor,artist/designer,artist/designer,2,,,,actor/artist/designer
strategy consultant,consultant,consultant,2,,,,consultant
management production assistant,management production assistant,management production assistant,2,*,assistant,,assistant/ service industry
director semantic technology,director,director,2,,,,director
montessori teacher,teacher,teacher,2,,,,teacher
archivist originally,unemployed,unemployed,2,,,,unemployed
architectural project manager,manager,manager,2,,,,manager
architectural historian,architect,architect,2,,,,engineer/ architect
nonprofit communications director,nonprofit,nonprofit,2,*,director,,director
middle school civics world history teacher,teacher,teacher,2,,,,teacher
database developer,database developer,database developer,2,*,tech developer,,technician/ programmer
data translation coordinator,coordinator,coordinator,2,,,,coordinator
payroll professional,payroll professional,payroll professional,2,*,service industry,,assistant/ service industry
pastor hospice chaplain,pastor hospice chaplain,pastor hospice chaplain,2,*,religious services,,military/ clergy
paraprofessional,paraprofessional,paraprofessional,2,*,lawyer,,lawyer
painter handyman,painter handyman,painter handyman,2,*,laborer,,laborer
cpa,cpa,cpa,2,*,accountant,,accounting/ business/ finance
creative director,director,director,2,,,,director
sophomore northeastern university,student,student,2,,,,student
operations support specialist,specialist,specialist,2,,,,specialist
sophomore swarthmore college,artist/designer,artist/designer,2,,,,actor/artist/designer
sophomore university oklahoma,student,student,2,,,,student
customer service manager,manager,manager,2,,,,manager
office manager student,manager,manager,2,,,,manager
office manager,manager,manager,2,,,,manager
speechwriter,writer,writer,2,,,,writer
nonprofit resource development specialist,nonprofit,nonprofit,2,*,specialist ,,specialist
nonprofit executive director,nonprofit,nonprofit,2,*,director,,director
middle school band director,director,director,2,,,,director
museum curator,museum curator,museum curator,2,*,museum ,,actor/artist/designer
application scientist,scientist,scientist,2,,,,scientist/ researcher
medical coder,medical coder,medical coder,2,*,misc health,,misc health
e-discovery professional,e-discovery professional,e-discovery professional,2,*,miscellaneous,,miscellaneous
mechanical engineer musician,musician,musician,2,,,,musician
mathematics professor,professor,professor,2,,,,professor
systems analyst,analyst,analyst,2,,,,analyst
middle high school drama teacher,misc education,misc education,2,*,teacher,,teacher
economist,economist,economist,2,*,scientist,,scientist/ researcher
math science educator,teacher,teacher,2,,,,teacher
systems engineer,engineer,engineer,2,,,,engineer/ architect
editor academic competitions,editor academic competitions,editor academic competitions,2,*,editor,,editor
marketing writer,writer,writer,2,,,,writer
marketing strategy consultant,consultant,consultant,2,,,,consultant
marketing specialist,specialist,specialist,2,,,,specialist
marketing manager,manager,manager,2,,,,manager
marketing director,director,director,2,,,,director
marketing associate,marketing associate,marketing associate,2,*,marketing,,marketing
analytics manager,manager,manager,2,,,,manager
medical device engineer,engineer,engineer,2,,,,engineer/ architect
medical doctoral student,doctor,doctor,2,,,,student
structural engineer,engineer,engineer,2,,,,engineer/ architect
architect,architect,architect,2,,,,engineer/ architect
medical records coder,medical records coder,medical records coder,2,,,,misc healthcare
mental health counselor,misc health,misc health,2,,,,misc health
merchandise planner,merchandise planner,merchandise planner,2,*,director,,director
summer camp director,director,director,2,,,,director
doctoral student,doctor,doctor,2,,,,student
door person,door person,door person,2,*,miscellaneous,,miscellaneous
social media analyst,analyst,analyst,3,,,,analyst
associate professor,professor,professor,3,,,,professor
senior mit,student,student,3,,,,student
senior finance manager,manager,manager,3,,,,manager
assets protection leader,assets protection leader,assets protection leader,3,*,finance,,accounting/ business/ finance
science policy fellow,science policy fellow,science policy fellow,3,*,policy maker,,misc government
bakery owner,bakery owner,bakery owner,3,*,owner,,accounting/ business/ finance
ap world history teacher,teacher,teacher,3,,,,teacher
student writer,student,student,3,,,,student
tax accountant originally,unemployed,unemployed,3,,,,unemployed
software salesman,software salesman,software salesman,3,*,salesperson,,salesperson
tutoring testing director,director,director,3,,,,director
senior legislative aide originally,unemployed,unemployed,3,,,,unemployed
small business owner,small business owner,small business owner,3,*,owner,,accounting/ business/ finance
aspiring tv writer,writer,writer,3,,,,writer
arts administrator,artist/designer,artist/designer,3,,,,administration/ advisory
artist,artist/designer,artist/designer,3,,,,actor/artist/designer
veterinarian,veterinarian,veterinarian,3,*,doctor,,physician
biologist,biologist,biologist,3,*,scientist,,scientist/ researcher
attorney editor,attorney,attorney,3,,,,lawyer
video editor,video editor,video editor,3,,,,actor/artist/designer
art education student,artist/designer,artist/designer,3,,,,actor/artist/designer
army officer originally,unemployed,unemployed,3,*,army officer ,,military/ clergy
administrative specialist,specialist,specialist,3,,,,specialist
architect originally,unemployed,unemployed,3,,,,unemployed
sports industry consultant,consultant,consultant,3,,,,consultant
visual information specialist originally,unemployed,unemployed,3,,,,unemployed
advocation support specialist,specialist,specialist,3,,,,specialist
aspiring student,student,student,3,,,,student
web developer,web developer,web developer,3,*,tech developer,,technician/ programmer
robotics ph.d. student mit,grad student,grad student,3,,,,grad student
unemployed bartender,artist/designer,artist/designer,3,,,,actor/artist/designer
substitute teacher,teacher,teacher,3,,,,teacher
physics professor,professor,professor,3,,,,professor
mechanical engineer,engineer,engineer,3,,,,engineer/ architect
legislative librarian,librarian,librarian,3,,,,librarian
librarian stay-at-home mom,unemployed,unemployed,3,,,,unemployed
loan coordinator,coordinator,coordinator,3,,,,coordinator
education administrator,education administrator,education administrator,3,*,admin,,administration/ advisory
editor writer,writer,writer,3,,,,writer
math professor,professor,professor,3,,,,professor
e.r. social worker,e.r. social worker,e.r. social worker,3,*,government ,,misc government
middle school special education teacher,teacher,teacher,3,,,,teacher
military attorney originally,unemployed,unemployed,3,,,,unemployed
director technology,director,director,3,,,,director
mortgage coordinator originally,unemployed,unemployed,3,,,,unemployed
museum development assistant,museum development assistant,museum development assistant,3,*,museum ,,assistant/ service industry
direct service provider,direct service provider,direct service provider,3,*,miscellaneous,,miscellaneous
nan,nan,nan,3,*,NA,,NA
navy pilot originally,unemployed,unemployed,3,,,,unemployed
newscaster editor,newscaster editor,newscaster editor,3,*,editor,,editor
operations manager,manager,manager,3,,,,manager
criminal defense attorney,attorney,attorney,3,*,lawyer,,lawyer
paralegal,paralegal,paralegal,3,*,lawyer,,lawyer
pediatric dentist,pediatric dentist,pediatric dentist,3,*,dentist,,physician
pediatric emergency medicine physician,pediatric emergency medicine physician,pediatric emergency medicine physician,3,*,doctor,,physician
legal records assistant,legal records assistant,legal records assistant,3,*,assistant,,assistant/ service industry
engineering student originally,unemployed,unemployed,3,,,,unemployed
lecturer,teacher,teacher,3,,,,teacher
language specialist,specialist,specialist,3,*,specialist ,,specialist
graduate student mathematics,grad student,grad student,3,,,,grad student
grant writer,writer,writer,3,,,,writer
graduate student communications studies,grad student,grad student,3,,,,grad student
geriatrician,geriatrician,geriatrician,3,*,doctor ,,physician
healthcare analyst,misc health,misc health,3,*,analyst,,analyst
genomics research manager,manager,manager,3,,,,manager
fundraising project manager,manager,manager,3,,,,manager
freshman georgia tech,student,student,3,,,,student
freelance musician,musician,musician,3,,,,musician
history professor,professor,professor,3,,,,professor
pediatrician,pediatrician,pediatrician,3,*,doctor,,physician
freelance consultant,consultant,consultant,3,,,,consultant
former writer high school english teacher,misc education,misc education,3,*,teacher ,,teacher
hotel desk reception clerk,hotel desk reception clerk,hotel desk reception clerk,3,*,service industry,,assistant/ service industry
filmmaker,filmmaker,filmmaker,3,*,artist/designer,,actor/artist/designer
fifth grade teacher,grad student,grad student,3,,,,grad student
international development researcher,scientist,scientist,3,,,,scientist/ researcher
executive assistant,manager,manager,3,,,,manager
junior stanford university,student,student,3,,,,student
junior stetson university,student,student,3,,,,student
junior university southern california,student,student,3,,,,student
environmental engineer,engineer,engineer,3,,,,engineer/ architect
freelance associate casting director,director,director,3,,,,director
contracting officer,contracting officer,contracting officer,3,*,government ,,misc government
youth ministry consultant,consultant,consultant,3,,,,consultant
college admission officer,college admission officer,college admission officer,3,*,misc education,,misc education
consultant,consultant,consultant,3,,,,consultant
chemical engineer,engineer,engineer,3,,,,engineer/ architect
business owner,business owner,business owner,3,*,manager,,manager
consultant originally,unemployed,unemployed,3,,,,unemployed
policy researcher advisor,advisor,advisor,3,,,,administration/ advisory
business development associate originally,unemployed,unemployed,3,,,,unemployed
retired adjunct professor,unemployed,unemployed,3,,,,unemployed
program director,director,director,3,,,,director
product manager,manager,manager,3,,,,manager
church musician homemaker,musician,musician,3,,,,musician
college professor,professor,professor,3,,,,professor
retail manager,manager,manager,3,,,,manager
certified public accountant,certified public accountant,certified public accountant,3,*,accountant,,accounting/ business/ finance
police officer,police officer,police officer,3,*,emergency services,,misc government
puzzlemaker,puzzlemaker,puzzlemaker,3,*,miscellaneous,,miscellaneous
museum education manager,manager,manager,4,,,,manager
instructional design consultant,consultant,consultant,4,,,,consultant
homemaker,homemaker,homemaker,4,*,unemployed,,unemployed
user experience librarian,librarian,librarian,4,,,,librarian
private investor,private investor,private investor,4,*,finance,,accounting/ business/ finance
flight attendant,flight attendant,flight attendant,4,*,transportation,,specialist
accountant voice artist,artist/designer,artist/designer,4,,,,actor/artist/designer
former attorney,attorney,attorney,4,*,lawyer,,lawyer
accountant,accountant,accountant,4,*,accountant,,accounting/ business/ finance
middle school instrumental music teacher,musician,musician,4,*,musician,,musician
museum educator,teacher,teacher,4,*,museum ,,teacher
financial analyst,analyst,analyst,4,,,,analyst
stay-at-home parent,unemployed,unemployed,4,,,,unemployed
supply chain analyst,analyst,analyst,4,,,,analyst
draftsman college student,student,student,4,,,,student
library assistant,librarian,librarian,4,,,,librarian
project coordinator,coordinator,coordinator,4,*,admin,,administration/ advisory
elementary bilingual teacher,teacher,teacher,4,,,,teacher
electrical engineer,engineer,engineer,4,,,,engineer/ architect
public defender,public defender,public defender,4,*,lawyer,,lawyer
law student,student,student,4,,,,student
management analyst,analyst,analyst,4,,,,analyst
actor,actor,actor,4,,,,actor/artist/designer
managing director art bazaar,artist/designer,artist/designer,4,*,director,,director
journalism professor,professor,professor,4,,,,professor
mathematician,mathematician,mathematician,4,,,,scientist/ researcher
internet operations technician,technician,technician,4,,,,technician/ programmer
actress writer,writer,writer,4,,,,writer
classical singer,classical singer,classical singer,4,*,musician,,musician
medical informaticist,medical informaticist,medical informaticist,4,*,healthcare,,misc healthcare
registered nurse,nurse,nurse,4,*,healthcare,,misc healthcare
editorial assistant,editorial assistant,editorial assistant,4,*,admin,,administration/ advisory
second grade teacher,grad student,grad student,4,*,teacher,,teacher
engineering manager,manager,manager,4,,,,manager
veterinary clinical pathologist originally,unemployed,unemployed,4,,,,unemployed
pastor,pastor,pastor,4,,,,military/ clergy
6th grade english teacher,grad student,grad student,4,*,teacher,,teacher
20-time jeopardy! champion,20-time jeopardy! champion,20-time jeopardy! champion,4,,,,miscellaneous
digital consultant,consultant,consultant,4,,,,consultant
graphic designer,artist/designer,artist/designer,4,,,,actor/artist/designer
business analyst,analyst,analyst,4,,,,analyst
11th grade u.s. history teacher,grad student,grad student,4,*,teacher,,teacher
11th grade physics teacher,grad student,grad student,4,*,teacher,,teacher
bus driver trainer,bus driver trainer,bus driver trainer,4,*,teacher,,teacher
ph.d. student computer science originally,unemployed,unemployed,4,,,,unemployed
social media editor,social media editor,social media editor,4,*,artist/designer,,actor/artist/designer
11-year-old,unemployed,unemployed,4,,,,unemployed
ph.d. student linguistics,grad student,grad student,4,,,,grad student
graduate student psychology,grad student,grad student,4,,,,grad student
physical therapist,physical therapist,physical therapist,4,,,,misc healthcare
cancer registrar originally,unemployed,unemployed,4,,,,unemployed
g.i.s. technician,technician,technician,4,,,,technician/ programmer
wrap facilitator,wrap facilitator,wrap facilitator,4,*,admin,,administration/ advisory
high school french english teacher,misc education,misc education,4,*,teacher,,teacher
higher education administrator,higher education administrator,higher education administrator,4,*,admin,,administration/ advisory
stay-at-home dad,unemployed,unemployed,4,,,,unemployed
high school world history teacher,misc education,misc education,4,*,teacher,,teacher
dentist,dentist,dentist,4,,,,physician
cell biologist,cell biologist,cell biologist,4,*,scientist,,scientist/ researcher
volunteer casa guardian ad litem,volunteer,volunteer,4,,,,miscellaneous
high school teacher,misc education,misc education,4,*,teacher,,teacher
sophomore university california,student,student,4,,,,student
sophomore university central florida,student,student,4,,,,student
freshman tufts university,student,student,4,,,,student
freshman united states naval academy,student,student,4,,,,student
9th 10th grade math teacher,grad student,grad student,4,*,teacher,,teacher
investment analyst,analyst,analyst,5,,,,analyst
retired police officer,unemployed,unemployed,5,*,emergency services,,misc government
communications manager,manager,manager,5,,,,manager
psychologist,psychologist,psychologist,5,,,,misc healthcare
graduate student originally,unemployed,unemployed,5,*,grad student,,grad student
urban planner,urban planner,urban planner,5,*,miscellaneous,,miscellaneous
graduate student history,grad student,grad student,5,,,,grad student
law professor,professor,professor,5,,,,professor
university professor,professor,professor,5,,,,professor
housewife,housewife,housewife,5,*,unemployed,,unemployed
third grade teacher,grad student,grad student,5,*,teacher,,teacher
high school spanish teacher,misc education,misc education,5,*,teacher,,teacher
writer comedian,writer,writer,5,,,,writer
esl teacher,teacher,teacher,5,,,,teacher
research editor,scientist,scientist,5,,,,scientist/ researcher
12-year-old,unemployed,unemployed,5,,,,unemployed
law clerk,law clerk,law clerk,5,*,lawyer,,lawyer
technical writer,writer,writer,5,,,,writer
bookseller,bookseller,bookseller,5,*,salesperson,,salesperson
composer,composer,composer,5,*,musician,,musician
compliance analyst,analyst,analyst,5,,,,analyst
author,author,author,5,,,,writer
musician,musician,musician,5,,,,musician
nanny,nanny,nanny,5,*,home services,,assistant/ service industry
marketing coordinator,coordinator,coordinator,5,*,marketing,,marketing
attorney writer,writer,writer,5,*,lawyer,,lawyer
data conversion manager,manager,manager,5,,,,manager
middle school math teacher,teacher,teacher,5,,,,teacher
office assistant,office assistant,office assistant,5,*,admin assistant,,assistant/ service industry
management consultant originally,unemployed,unemployed,5,*,consultant,,consultant
data analyst,analyst,analyst,5,,,,analyst
organization development consultant,consultant,consultant,5,,,,consultant
ph.d. student economics originally,unemployed,unemployed,5,*,phd,,unemployed
technical engineer,engineer,engineer,5,,,,engineer/ architect
ph.d. candidate history originally,unemployed,unemployed,5,*,phd,,unemployed
pediatric nurse practitioner student,student,student,5,,,,student
attorney government relations professional,misc government,misc government,5,*,lawyer,,lawyer
stay-at-home dad graduate student,unemployed,unemployed,6,*,grad student,,grad student
freelance writer,writer,writer,6,,,,writer
opera producer,opera producer,opera producer,6,*,artist/designer,,actor/artist/designer
freshman brown university,student,student,6,,,,student
patent attorney,attorney,attorney,6,*,lawyer,,lawyer
high school latin teacher,misc education,misc education,6,*,teacher,,teacher
hotel front desk clerk recent college graduate,grad student,grad student,6,,,,grad student
hotel front desk manager,manager,manager,6,,,,manager
pharmacist,pharmacist,pharmacist,6,*,healthcare,,misc healthcare
fire lookout,fire lookout,fire lookout,6,*,emergency services,,misc government
software development manager,manager,manager,6,,,,manager
tutor,tutor,tutor,6,*,teacher,,teacher
physician healthcare analyst,misc health,misc health,6,*,healthcare,,misc healthcare
eighth grader,grad student,grad student,6,,,,grad student
law student originally,unemployed,unemployed,6,*,student,,student
analyst,analyst,analyst,6,,,,analyst
construction attorney,attorney,attorney,7,*,lawyer,,lawyer
english teacher,teacher,teacher,7,,,,teacher
english professor,professor,professor,7,,,,professor
naval officer,military officer,military officer,7,,,,military/ clergy
research scientist,scientist,scientist,7,,,,scientist/ researcher
actuary,actuary,actuary,7,*,mathematician ,,accounting/ business/ finance
volunteer guardian ad litem,volunteer,volunteer,7,,,,miscellaneous
ph.d. student,grad student,grad student,7,,,,grad student
escalation manager,manager,manager,7,,,,manager
translation coordinator,coordinator,coordinator,7,*,admin ,,administration/ advisory
archivist,archivist,archivist,7,*,research / museum,,specialist
professor english,professor,professor,7,,,,professor
middle school english teacher,teacher,teacher,7,,,,teacher
operations analyst,analyst,analyst,7,,,,analyst
science content developer,science content developer,science content developer,7,*,teacher,,teacher
high school science teacher,misc education,misc education,7,*,teacher,,teacher
compliance analyst voiceover artist,artist/designer,artist/designer,8,,,,actor/artist/designer
copywriter,writer,writer,8,,,,writer
banker,banker,banker,8,*,finance/service,,accounting/ business/ finance
university administrator,university administrator,university administrator,8,*,admin ,,administration/ advisory
management consultant,consultant,consultant,8,,,,consultant
ph.d. student originally,unemployed,unemployed,8,*,grad student,,grad student
retired teacher,unemployed,unemployed,8,*,teacher,,teacher
customer service representative,customer service representative,customer service representative,9,*,service industry,,assistant/ service industry
freshman,student,student,9,,,,student
chef,chef,chef,9,,,,assistant/ service industry
network engineer,engineer,engineer,9,*,tech developer,,technician/ programmer
medical student,student,student,9,,,,student
physician,physician,physician,9,*,medical doctor,,physician
math teacher,teacher,teacher,9,,,,teacher
project manager,manager,manager,10,,,,manager
computer programmer,computer programmer,computer programmer,10,*,tech developer,,technician/ programmer
educator,teacher,teacher,10,,,,teacher
music teacher,musician,musician,10,*,teacher,,teacher
software developer,software developer,software developer,11,*,tech developer,,technician/ programmer
social worker,social worker,social worker,11,,,,misc government
attorney originally,unemployed,unemployed,12,*,lawyer,,lawyer
currency trader,currency trader,currency trader,12,*,finance,,accounting/ business/ finance
data scientist,scientist,scientist,12,,,,scientist/ researcher
engineer,engineer,engineer,12,,,,engineer/ architect
writer originally,unemployed,unemployed,12,*,writer,,writer
lawyer,lawyer,lawyer,13,,,,lawyer
assistant professor,professor,professor,13,,,,professor
music executive,musician,musician,13,,,,musician
administrative assistant,administrative assistant,administrative assistant,14,*,admin ,,administration/ advisory
high school english teacher,misc education,misc education,14,*,teacher,,teacher
microbiologist,microbiologist,microbiologist,16,*,scientist,,scientist/ researcher
journalist,journalist,journalist,16,*,writer,,writer
writer editor,writer,writer,16,,,,writer
sophomore,student,student,17,,,,student
editor,editor,editor,18,*,writer,,writer
ph.d. candidate,grad student,grad student,18,,,,grad student
professor,professor,professor,19,,,,professor
supply chain professional,supply chain professional,supply chain professional,21,,,,accounting/ business/ finance
teacher,teacher,teacher,22,,,,teacher
high school history teacher,misc education,misc education,23,*,teacher,,teacher
bartender,artist/designer,artist/designer,26,*,serivce industry,,assistant/ service industry
graduate student,grad student,grad student,28,,,,grad student
junior,student,student,29,,,,student
student,student,student,30,,,,student
software engineer,engineer,engineer,30,*,tech developer,,technician/ programmer
professional sports gambler,professional sports gambler,professional sports gambler,31,,,,miscellaneous
stay-at-home mom,unemployed,unemployed,32,,,,unemployed
librarian,librarian,librarian,33,,,,librarian
senior,student,student,34,,,,student
writer,writer,writer,42,,,,writer
attorney,attorney,attorney,123,,,,lawyer
